1,1
0.0016402,1
0.025955,1
0.034787,1
0.039636,1
0.051882,1
0.056035,1
0.070546,2
0.070688,1
0.088866,1
0.089042,1
0.096041,2
0.10095,1
0.10395,2
0.10561,1
0.11169,1
0.12468,1
0.12711,1
0.13688,1
0.13965,1
0.14408,1
0.14778,1
0.14825,1
0.15373,2
0.15519,2
0.15646,1
0.15929,2
0.17521,1
0.17649,1
0.18078,1
0.18332,2
0.18759,1
0.18855,2
0.19018,2
0.19323,1
0.19886,1
0.2028,1
0.2036,1
0.20984,1
0.2114,1
0.22344,1
0.22669,1
0.2349,2
0.23778,1
0.24492,1
0.24573,1
0.2484,1
0.24964,2
0.25283,1
0.25745,2
0.26229,1
0.26442,1
0.2783,2
0.27861,2
0.28025,2
0.28309,2
0.28583,1
0.29322,1
0.30822,2
0.31191,1
0.32164,2
0.32298,2
0.32643,1
0.34619,1
0.34775,1
0.34912,2
0.34917,1
0.35404,1
0.37233,2
0.3991,1
0.4211,2
0.42975,1
0.42979,1
0.44146,2
0.4461,1
0.45262,1
0.46654,1
0.47442,1
0.55958,1
0.6035,1
0.61616,2
0.63346,2
0.67178,2
0.67997,2
0.6812,1
0.6846,2
0.69685,2
0.70098,1
0.70169,1
0.7054,1
0.71045,1
0.71815,2
0.72689,2
0.72852,1
0.72878,2
0.72937,2
0.74316,2
0.75137,2
0.75672,2
0.75681,1
0.76114,1
0.7654,1
0.77281,2
0.77716,1
0.78092,1
0.81649,2
0.8172,2
0.82477,2
0.82485,2
0.83014,1
0.83219,2
0.83308,2
0.83446,1
0.83518,2
0.85404,1
0.85833,1
0.85873,2
0.87665,1
0.87696,2
0.8781,1
0.89056,2
0.89201,1
0.89212,2
0.89388,2
0.90569,1
0.90591,1
0.91301,2
0.91475,1
0.91896,1
0.92531,2
0.92909,1
0.93132,1
0.9404,2
0.95854,2
0.96232,2
0.96404,2
0.96677,1
0.9779,2
0.99564,2
2,2
0.069839,2
0.073759,1
0.088492,2
0.10067,1
0.1081,1
0.12995,1
0.13295,2
0.19796,2
0.21549,2
0.21903,1
0.22246,2
0.24269,2
0.24827,2
0.26985,2
0.27289,1
0.28035,2
0.28257,2
0.29657,2
0.30405,2
0.30494,1
0.31533,2
0.31675,2
0.31959,2
0.32702,2
0.33532,2
0.3375,2
0.3388,2
0.35001,1
0.35883,2
0.36015,2
0.37343,2
0.3748,2
0.38056,2
0.38115,2
0.39671,2
0.40683,1
0.41519,2
0.41632,2
0.41678,2
0.41752,1
0.42153,1
0.42519,2
0.44283,1
0.44807,2
0.45843,1
0.46214,2
0.46558,2
0.47202,1
0.47525,2
0.47653,2
0.47953,1
0.48383,2
0.48698,2
0.49224,1
0.49298,2
0.50052,1
0.50357,2
0.50803,1
0.51498,2
0.51502,2
0.51622,2
0.5191,2
0.52402,1
0.53153,2
0.5332,1
0.53849,1
0.54313,2
0.54556,1
0.54976,2
0.55096,2
0.55106,2
0.5547,2
0.56298,1
0.5661,1
0.56753,2
0.57369,2
0.5759,2
0.58128,1
0.58232,2
0.58295,1
0.58414,2
0.58433,1
0.58575,2
0.58735,2
0.5891,1
0.59095,2
0.59105,1
0.59279,1
0.59304,1
0.59565,2
0.59796,2
0.59933,2
0.59981,1
0.60006,1
0.60345,2
0.6055,2
0.60552,1
0.60741,1
0.61326,1
0.61482,1
0.61634,2
0.61725,1
0.61782,2
0.62066,2
0.62292,1
0.62576,2
0.62801,2
0.62973,2
0.6302,2
0.64847,1
0.64855,2
0.65274,1
0.65285,1
0.66046,2
0.66199,1
0.66999,2
0.6754,2
0.68093,2
0.68448,2
0.6952,1
0.69838,2
0.69868,2
0.69944,2
0.70986,2
0.71314,1
0.71663,1
0.71934,1
0.72164,2
0.72662,2
0.73211,2
0.73214,2
0.73755,1
0.73798,2
0.73899,2
0.73945,1
0.73957,2
0.74044,1
0.74076,2
0.74114,1
0.7425,1
0.7495,1
0.75688,2
0.75731,2
0.76612,2
0.76676,1
0.7686,2
0.78022,2
0.78145,1
0.78231,2
0.79299,1
0.79302,2
0.79437,2
0.79463,1
0.79607,2
0.79858,2
0.7994,1
0.79997,2
0.80112,2
0.80327,2
0.81222,2
0.81329,2
0.81455,2
0.81765,1
0.82228,1
0.82516,2
0.82786,2
0.8331,1
0.83776,1
0.83911,1
0.84291,1
0.84673,2
0.84991,1
0.85288,2
0.85601,1
0.86297,2
0.86338,2
0.86412,1
0.86523,1
0.86685,2
0.87111,2
0.87989,2
0.88162,1
0.88938,2
0.88991,1
0.88995,2
0.89,2
0.89006,1
0.89461,2
0.8997,2
0.89971,2
0.90337,2
0.90768,2
0.90794,1
0.9102,1
0.91147,2
0.91228,1
0.91341,1
0.9139,1
0.91821,1
0.9183,2
0.91852,2
0.92159,2
0.9233,1
0.92448,1
0.92536,2
0.92898,1
0.93136,2
0.93328,2
0.93671,2
0.93707,1
0.93754,1
0.93791,1
0.93971,2
0.9436,2
0.94573,2
0.94647,1
0.97175,1
0.97226,1
0.97288,1
0.9767,2
0.9801,2
0.98183,2
0.98261,2
0.9856,2
0.99008,2
0.99751,2
3,3
0.071406,2
0.11552,2
0.11809,1
0.1551,1
0.15878,1
0.18168,2
0.21418,1
0.21613,2
0.22119,1
0.24079,1
0.24116,1
0.2682,1
0.27054,1
0.28698,2
0.31072,2
0.31248,1
0.31735,1
0.32223,1
0.32804,2
0.33727,1
0.34369,1
0.34774,2
0.35649,1
0.37522,1
0.38009,1
0.38382,2
0.38838,2
0.38868,2
0.39482,1
0.40243,2
0.4049,1
0.40678,1
0.41491,1
0.41662,1
0.41744,1
0.42071,1
0.42135,1
0.42237,1
0.42785,1
0.42893,1
0.4291,1
0.43108,2
0.43591,2
0.43648,2
0.43743,2
0.44501,1
0.4462,2
0.44747,2
0.44862,1
0.44882,2
0.46255,1
0.46774,2
0.4685,2
0.47274,2
0.47609,2
0.47929,2
0.47962,2
0.48278,2
0.48525,2
0.48718,2
0.49289,2
0.49359,1
0.4994,1
0.5096,2
0.51004,1
0.51219,2
0.5145,2
0.52495,2
0.53794,1
0.53804,1
0.54107,1
0.54447,1
0.54701,1
0.54731,1
0.54904,2
0.55048,2
0.55235,1
0.55242,1
0.55932,1
0.56098,1
0.57233,1
0.57822,2
0.58009,1
0.58191,2
0.58244,1
0.58301,1
0.58408,1
0.58516,1
0.58609,2
0.58651,2
0.58827,1
0.5917,2
0.59236,1
0.59284,2
0.59552,2
0.59603,2
0.59646,2
0.6,2
0.60027,2
0.60118,2
0.60452,2
0.60528,2
0.60628,1
0.61187,2
0.61201,2
0.61257,2
0.61482,2
0.61683,1
0.61749,2
0.61939,1
0.61998,1
0.62152,1
0.62364,1
0.62408,2
0.62578,2
0.62649,1
0.63107,2
0.63124,2
0.63157,1
0.63291,1
0.63298,1
0.63445,1
0.63544,1
0.63608,1
0.63616,2
0.63718,2
0.63732,1
0.63892,2
0.6396,2
0.63962,2
0.64,2
0.64079,2
0.64273,1
0.64534,1
0.64556,2
0.64584,2
0.64935,2
0.65115,2
0.6518,2
0.65395,2
0.657,1
0.65913,2
0.65918,2
0.65983,2
0.66075,1
0.66501,1
0.66541,1
0.67537,2
0.67817,2
0.68203,2
0.6822,1
0.68649,2
0.68961,1
0.69024,1
0.69315,2
0.69656,2
0.69828,1
0.70139,2
0.7052,1
0.7072,2
0.70949,1
0.71249,2
0.71625,1
0.71773,2
0.71815,1
0.7195,1
0.72918,1
0.73131,2
0.73395,2
0.73563,1
0.74028,2
0.7421,2
0.74421,2
0.74821,1
0.75233,2
0.75387,2
0.75522,2
0.75594,1
0.75678,2
0.75723,1
0.75941,1
0.7644,1
0.76691,2
0.76876,1
0.7729,1
0.77392,1
0.77873,1
0.78149,1
0.78381,2
0.78697,1
0.79414,2
0.79918,1
0.79968,2
0.80244,1
0.81174,1
0.81508,1
0.82091,1
0.82133,1
0.83267,1
0.83553,1
0.83656,1
0.84048,1
0.84185,2
0.84257,2
0.84273,2
0.8466,1
0.84686,1
0.84886,2
0.8491,1
0.84977,1
0.85077,1
0.85385,2
0.85448,1
0.85847,1
0.85849,2
0.85939,1
0.86512,1
0.86876,1
0.86977,1
0.87992,2
0.88114,2
0.885,1
0.88905,1
0.88919,1
0.88983,1
0.90111,1
0.90155,1
0.90162,2
0.90185,1
0.90473,2
0.9163,1
0.91652,1
0.91782,1
0.92053,1
0.92292,1
0.92938,1
0.92948,1
0.93172,1
0.93175,1
0.93299,2
0.93563,2
0.94122,1
0.94488,2
0.94576,1
0.94639,2
0.95162,2
0.95207,1
0.9529,2
0.95404,2
0.95447,2
0.95472,1
0.95488,2
0.95699,1
0.95773,2
0.95826,1
0.95919,2
0.95985,1
0.96503,1
0.96504,2
0.96609,2
0.96818,1
0.97542,1
0.97694,1
0.97709,1
0.97812,1
0.97821,1
0.97852,1
0.98525,2
0.98807,1
0.98837,2
0.98851,2
0.99802,1
0.99851,1
4,4
0.004117,2
0.016419,1
0.042299,2
0.053168,1
0.053568,1
0.055354,1
0.065243,1
0.070017,1
0.08524,1
0.08706,1
0.09094,1
0.11426,1
0.11549,1
0.12243,1
0.1229,2
0.12567,2
0.12899,1
0.13311,1
0.13321,2
0.13378,1
0.1353,1
0.14495,1
0.166,1
0.16645,2
0.1712,2
0.17429,2
0.17738,2
0.18736,2
0.194,2
0.19495,2
0.19646,2
0.20261,2
0.20693,2
0.21055,2
0.21295,2
0.22609,2
0.22897,2
0.23852,2
0.24276,2
0.26089,2
0.26224,1
0.26476,1
0.27151,2
0.27262,2
0.27561,2
0.28107,2
0.28518,2
0.28907,1
0.29153,2
0.30077,2
0.31698,2
0.318,2
0.32007,2
0.32101,2
0.3294,2
0.33032,2
0.33046,2
0.33332,1
0.33348,1
0.33399,1
0.33478,1
0.33801,2
0.33811,1
0.34041,2
0.34697,2
0.34997,2
0.36463,2
0.3696,2
0.37154,2
0.37938,2
0.38084,2
0.38193,1
0.39245,2
0.39603,2
0.39661,2
0.41018,2
0.41617,1
0.41786,1
0.42189,2
0.44321,2
0.44411,2
0.44423,1
0.44624,2
0.45325,2
0.45732,2
0.46231,2
0.47271,2
0.47578,2
0.4804,2
0.48336,2
0.48503,2
0.48583,2
0.48654,2
0.48841,2
0.51164,2
0.5217,2
0.52772,1
0.53918,2
0.54312,2
0.56511,2
0.57009,1
0.5742,1
0.57835,1
0.59951,2
0.60945,1
0.61283,1
0.61355,1
0.63164,1
0.6426,2
0.6511,2
0.65897,2
0.66108,1
0.66165,1
0.662,2
0.6645,2
0.68882,2
0.69223,2
0.70288,1
0.74201,1
0.74708,2
0.76768,2
0.77724,1
0.81219,2
0.81432,2
0.8201,1
0.82168,1
0.82321,2
0.8285,1
0.83434,1
0.84543,2
0.86028,2
0.87481,1
0.88233,1
0.89141,2
0.89768,1
0.90024,1
0.90462,2
0.90989,1
0.91138,1
0.91828,1
0.92075,2
0.92484,2
0.94066,1
0.94825,1
0.95149,1
0.95374,2
0.95766,1
0.95858,1
0.96362,1
0.96812,1
0.97025,2
0.98961,1
5,5
0.11327,2
0.13951,2
0.14019,2
0.14294,2
0.15627,2
0.17103,2
0.19018,2
0.24162,2
0.40278,1
0.50383,2
0.51149,1
0.51305,1
0.57873,1
0.58581,1
0.61427,2
0.64232,1
0.6507,1
0.65672,1
0.65727,2
0.66401,1
0.6731,2
0.67502,1
0.69261,2
0.6932,1
0.70717,1
0.82045,2
0.83077,1
0.83552,2
0.84336,2
0.84374,1
0.85774,2
0.86403,2
0.8844,2
0.92693,2
0.95597,2
0.9623,1
0.97781,1
0.9822,1
0.99369,2
6,6
0.019362,1
0.027162,1
0.077949,2
0.081248,1
0.093155,2
0.16111,2
0.1714,1
0.20108,1
0.20424,1
0.21013,2
0.21569,1
0.22302,1
0.22681,1
0.23153,1
0.2318,1
0.23688,2
0.2371,2
0.26574,1
0.27177,1
0.27281,1
0.28315,2
0.29184,2
0.32752,2
0.33328,2
0.33418,2
0.33475,1
0.34277,1
0.35229,1
0.37553,1
0.37797,1
0.38123,1
0.38358,1
0.39014,1
0.39982,1
0.40806,2
0.41119,1
0.41194,1
0.4136,1
0.42501,1
0.42688,1
0.42793,1
0.43133,1
0.43697,1
0.43738,1
0.4404,1
0.4538,1
0.45569,2
0.45894,1
0.47341,2
0.49523,1
0.49607,1
0.49856,1
0.50181,1
0.51901,1
0.5223,1
0.52875,1
0.52912,1
0.53132,1
0.53671,1
0.54663,1
0.55057,1
0.57641,1
0.58137,1
0.60496,2
0.61287,1
0.6214,1
0.62459,1
0.63075,1
0.63428,1
0.63662,1
0.64454,1
0.64548,1
0.64708,1
0.6569,1
0.65709,1
0.6604,1
0.66195,1
0.66349,1
0.66859,1
0.67769,2
0.67898,1
0.68001,1
0.69315,1
0.72415,1
0.72424,2
0.73484,2
0.73742,1
0.7387,1
0.74516,1
0.75031,1
0.75106,1
0.7589,1
0.76235,2
0.76429,1
0.77173,2
0.77499,2
0.78971,2
0.79142,2
0.79156,1
0.79288,1
0.79327,2
0.79509,2
0.79777,2
0.79801,1
0.80776,2
0.80954,1
0.80956,1
0.81188,1
0.81487,1
0.81844,2
0.82012,1
0.8217,1
0.82288,2
0.82543,1
0.83908,1
0.84766,2
0.84784,2
0.8513,2
0.85187,2
0.85207,1
0.85875,2
0.85945,1
0.86201,1
0.86582,2
0.88639,1
0.88651,1
0.88878,2
0.8907,2
0.89094,2
0.89693,1
0.89963,2
0.90672,2
0.9084,1
0.91792,2
0.91838,1
0.92053,2
0.92875,2
0.92988,2
0.93651,2
0.93942,2
0.94017,2
0.94128,1
0.94203,2
0.94283,1
0.94493,1
0.94664,2
0.94784,2
0.94848,1
0.95007,2
0.95319,1
0.95874,2
0.96433,2
0.96581,2
0.96868,2
0.97049,1
0.97218,2
0.97384,1
0.97902,1
0.98077,2
0.98094,2
0.98159,1
0.98162,2
0.98748,2
0.98767,1
0.98792,2
0.98987,1
0.99177,2
7,7
0.12726,1
0.15353,1
0.1674,1
0.1944,1
0.20733,2
0.20779,2
0.24799,2
0.28301,2
0.28317,2
0.28662,1
0.28917,2
0.34128,1
0.37238,1
0.37981,1
0.40831,2
0.42235,1
0.43708,1
0.44642,1
0.4474,2
0.4505,1
0.45742,2
0.46391,1
0.4822,2
0.48485,1
0.49049,1
0.49163,1
0.51559,1
0.51833,2
0.52655,1
0.53304,2
0.54844,1
0.57312,2
0.59995,1
0.60232,1
0.64338,2
0.64556,2
0.64865,1
0.70246,2
0.705,2
0.7401,1
0.79023,2
0.85473,2
0.90972,2
0.95559,1
0.97413,1
0.97755,1
0.9785,1
0.98013,1
0.98297,1
0.98649,1
0.99231,1
0.99919,1
0.99936,2
8,8
0.034884,2
0.051162,2
0.059074,1
0.10844,1
0.11083,1
0.12638,1
0.12732,1
0.13124,2
0.13373,1
0.13532,1
0.14051,2
0.15537,2
0.15612,2
0.1708,2
0.17599,2
0.18735,2
0.20662,2
0.21815,2
0.22024,2
0.22513,2
0.22588,2
0.23106,2
0.23909,2
0.24285,1
0.24441,2
0.25435,2
0.26207,2
0.26965,2
0.27059,2
0.2727,2
0.27789,2
0.27939,2
0.28035,1
0.30258,2
0.30766,2
0.32365,2
0.33305,2
0.34439,2
0.3446,1
0.35695,2
0.36141,2
0.36947,2
0.37972,2
0.38345,2
0.38452,2
0.38713,2
0.39049,2
0.39308,2
0.39311,2
0.39666,1
0.40018,2
0.41529,2
0.41948,2
0.43504,1
0.45507,2
0.45742,2
0.4732,1
0.4807,2
0.48949,2
0.49178,2
0.49524,2
0.49868,2
0.50657,1
0.51964,2
0.52806,1
0.52998,1
0.54341,2
0.54418,1
0.55093,2
0.55764,1
0.56317,2
0.57259,1
0.57355,2
0.582,2
0.5893,2
0.59375,1
0.59407,1
0.59962,2
0.60475,2
0.61994,1
0.62109,1
0.64506,1
0.65078,2
0.65796,1
0.65828,1
0.66827,1
0.69188,1
0.69577,2
0.70618,2
0.70674,1
0.70898,2
0.71506,2
0.71873,1
0.72146,2
0.74497,1
0.75468,2
0.7547,1
0.7752,1
0.80685,2
0.80869,2
0.81477,1
0.81652,2
0.81973,2
0.82324,2
0.82357,1
0.83623,2
0.84146,2
0.85135,2
0.85172,1
0.85436,1
0.87447,1
0.88592,2
0.9108,2
0.91105,1
0.91669,2
0.92412,2
0.92598,1
0.92847,1
0.94196,2
0.94613,1
0.95133,1
0.96261,2
0.97235,2
0.97967,2
0.98321,1
9,9
0.05348,1
0.063743,1
0.091266,1
0.092747,2
0.097762,2
0.11399,2
0.1221,1
0.12246,2
0.13273,1
0.13592,2
0.13777,1
0.14266,2
0.14724,2
0.15075,1
0.1625,1
0.1842,1
0.18557,2
0.18871,1
0.20752,1
0.22021,2
0.22501,1
0.23172,1
0.23904,2
0.25039,1
0.25616,2
0.29121,2
0.29243,1
0.2954,1
0.29761,2
0.30604,1
0.32593,1
0.34075,1
0.34245,1
0.3546,2
0.35961,2
0.36013,1
0.36084,1
0.37826,1
0.39635,2
0.4541,1
0.45516,1
0.46539,1
0.48542,2
0.50985,2
0.52841,1
0.53416,1
0.53424,2
0.54175,1
0.54577,1
0.5645,1
0.56851,1
0.58279,1
0.58629,1
0.59247,1
0.59325,1
0.59993,1
0.60349,1
0.6078,2
0.60916,1
0.65552,1
0.66913,1
0.6718,2
0.68218,1
0.69276,1
0.70629,2
0.70632,1
0.70993,1
0.71001,1
0.72532,1
0.7264,1
0.72778,2
0.72834,1
0.72876,1
0.73288,1
0.73383,1
0.73976,1
0.75118,1
0.75391,2
0.755,1
0.76263,1
0.76295,1
0.76948,1
0.77035,1
0.78418,1
0.78738,2
0.78842,2
0.79184,2
0.80412,1
0.80567,2
0.80838,1
0.83015,1
0.83035,1
0.83458,2
0.84611,2
0.85307,2
0.86074,2
0.86219,2
0.86373,2
0.86475,2
0.88163,2
0.90424,2
0.91001,2
0.91542,2
0.9248,2
0.94081,2
0.94452,2
0.94795,2
0.97189,1
0.99889,1
0.99894,1
10,10
0.015107,1
0.028013,2
0.037268,1
0.068423,1
0.085877,1
0.10351,2
0.11063,2
0.14085,1
0.15171,1
0.16973,1
0.17103,1
0.17243,1
0.17414,1
0.17588,2
0.18873,1
0.20603,1
0.20731,1
0.20757,1
0.20969,1
0.21121,1
0.2146,1
0.21831,1
0.23286,1
0.23488,2
0.23606,1
0.2367,1
0.2371,1
0.24224,2
0.24414,1
0.25274,1
0.25673,2
0.27511,1
0.27789,1
0.29413,2
0.29487,1
0.29776,1
0.29883,2
0.30127,2
0.33419,2
0.3381,1
0.34256,2
0.34439,1
0.34774,1
0.35768,1
0.36151,1
0.36524,2
0.36638,2
0.37204,1
0.37251,2
0.37295,1
0.37303,1
0.37468,1
0.37925,1
0.37973,1
0.38004,2
0.38181,2
0.3881,2
0.3895,2
0.39075,1
0.39147,2
0.39215,1
0.4057,1
0.4097,1
0.41716,2
0.41786,2
0.42296,1
0.42324,2
0.42468,1
0.42526,2
0.42582,2
0.45012,1
0.4531,1
0.45712,1
0.45833,1
0.46201,2
0.46376,1
0.47519,2
0.48369,2
0.50774,2
0.50946,2
0.54823,1
0.5686,1
0.57288,1
0.57598,2
0.57941,2
0.58281,2
0.58324,2
0.58378,2
0.58381,1
0.59218,2
0.59938,2
0.60152,1
0.60569,1
0.62119,1
0.63019,2
0.63072,1
0.63507,2
0.6355,2
0.6388,2
0.64016,2
0.64065,1
0.64599,1
0.65424,1
0.66633,2
0.66676,1
0.67025,2
0.67635,1
0.67881,2
0.67916,1
0.68352,1
0.69673,1
0.69825,1
0.70113,1
0.71821,1
0.71968,1
0.72284,1
0.72696,2
0.74022,1
0.74985,2
0.75012,1
0.75251,1
0.7655,1
0.76802,1
0.78061,2
0.78088,1
0.78894,1
0.789,2
0.7917,1
0.79203,1
0.80172,1
0.81325,2
0.82857,2
0.83239,1
0.83656,2
0.83669,2
0.84683,1
0.85421,1
0.85604,1
0.86936,1
0.87304,1
0.88538,1
0.91933,1
0.95646,2
0.95993,2
0.96181,1
0.96771,1
0.97302,1
0.98774,1
0.99417,1
0.99912,1
11,11
0.035728,1
0.060359,1
0.064448,2
0.084002,2
0.087896,2
0.10151,1
0.11013,1
0.11946,1
0.1241,1
0.14458,1
0.16356,1
0.16486,1
0.22996,1
0.37685,2
0.38023,1
0.38294,2
0.40023,2
0.41684,1
0.42303,1
0.42766,1
0.42917,2
0.4294,2
0.4371,1
0.46542,2
0.48626,2
0.52194,2
0.53614,1
0.55454,1
0.5644,1
0.56513,1
0.58035,1
0.58693,1
0.6063,2
0.60862,2
0.60957,2
0.61153,1
0.6186,1
0.63132,1
0.63942,2
0.64063,1
0.64641,1
0.64651,1
0.65845,1
0.66163,1
0.66725,2
0.66846,2
0.67258,1
0.67357,1
0.67665,2
0.6773,1
0.68714,1
0.70168,2
0.70265,2
0.7078,1
0.7343,2
0.73788,1
0.7384,2
0.75895,2
0.75986,1
0.76617,2
0.76757,2
0.77362,1
0.78575,1
0.7921,1
0.79829,1
0.80291,1
0.80894,1
0.81027,1
0.81367,1
0.81511,2
0.81518,2
0.81561,2
0.8168,2
0.81725,1
0.82148,1
0.82256,1
0.8228,1
0.82363,2
0.82625,1
0.82771,1
0.83324,1
0.83396,2
0.83547,1
0.83668,1
0.83888,2
0.84532,1
0.84614,2
0.84823,1
0.84885,1
0.849,1
0.85204,2
0.85699,2
0.85737,2
0.85868,2
0.86106,1
0.86118,1
0.86182,1
0.86273,2
0.86454,1
0.86863,1
0.87186,1
0.87371,1
0.88278,1
0.88397,1
0.88491,2
0.88807,2
0.89082,1
0.89664,1
0.89892,2
0.89915,1
0.89919,2
0.90118,1
0.90165,1
0.90298,2
0.90404,1
0.90465,1
0.90527,1
0.90564,1
0.90775,2
0.91068,2
0.91749,2
0.92011,2
0.92038,2
0.92119,2
0.92196,2
0.92271,2
0.9259,1
0.92737,2
0.92816,2
0.93112,2
0.93112,2
0.94366,2
0.94558,1
0.94605,2
0.9475,1
0.9486,2
0.94916,2
0.95055,1
0.95269,2
0.95356,1
0.95635,2
0.95669,2
0.96295,2
0.96356,1
0.96534,1
0.96716,1
0.96986,2
0.97414,2
0.97667,1
0.97728,1
0.9782,1
0.98148,1
0.99626,1
0.99687,2
0.99944,2
12,12
0.032914,2
0.12009,2
0.12043,2
0.15967,2
0.21725,2
0.25123,2
0.25793,1
0.27836,1
0.28289,1
0.29932,1
0.30964,1
0.33278,1
0.33824,1
0.33934,2
0.35015,1
0.35258,1
0.35496,2
0.36514,2
0.3663,2
0.37259,2
0.37391,2
0.3952,2
0.4032,2
0.41614,2
0.42151,2
0.42536,2
0.43249,1
0.43446,2
0.44539,2
0.4527,2
0.45276,1
0.45898,2
0.46289,2
0.47383,2
0.48216,2
0.48409,1
0.48581,2
0.49391,2
0.49502,1
0.50647,2
0.50863,1
0.51489,2
0.52376,2
0.52999,2
0.5313,1
0.53433,2
0.54532,2
0.55019,1
0.55319,2
0.55978,2
0.56366,2
0.56567,2
0.56648,1
0.56659,1
0.58055,2
0.58289,2
0.5829,2
0.58757,1
0.58787,2
0.58915,1
0.5911,2
0.59326,2
0.59391,2
0.60099,2
0.60128,1
0.60146,1
0.60434,1
0.60883,2
0.60893,1
0.61153,2
0.61247,1
0.61801,1
0.62931,1
0.63013,1
0.63224,1
0.63813,2
0.64,1
0.64061,1
0.64114,1
0.65291,1
0.65884,1
0.65941,2
0.67907,1
0.68235,1
0.68601,1
0.68664,1
0.69674,1
0.70361,1
0.70793,1
0.73301,2
0.73892,2
0.74341,1
0.74364,2
0.74432,1
0.75649,1
0.7672,2
0.76731,1
0.77049,2
0.77285,1
0.77574,2
0.77674,1
0.78164,1
0.78232,1
0.78706,1
0.78903,1
0.78985,1
0.79097,2
0.79759,2
0.80342,1
0.80597,2
0.81258,1
0.82507,2
0.83251,2
0.8341,2
0.83785,2
0.83818,2
0.85651,2
0.85689,2
0.85838,1
0.86766,2
0.87774,2
0.89336,2
0.89755,2
0.90047,2
0.90823,2
0.91053,2
0.91393,2
0.91481,2
0.91514,2
0.92564,2
0.93038,1
0.93972,2
0.94247,2
0.94395,1
0.94505,2
0.95943,2
0.96121,2
0.96291,2
0.96888,2
0.9738,2
0.97424,2
0.97807,2
0.97952,2
0.99779,1
0.99873,1
13,13
0.006377,1
0.017211,1
0.020842,1
0.037942,1
0.050692,1
0.059939,1
0.09505,2
0.098576,1
0.11291,1
0.12147,2
0.12393,1
0.13108,2
0.14636,2
0.16335,2
0.1676,2
0.17654,2
0.17715,1
0.17864,2
0.18502,1
0.20459,2
0.2053,2
0.20968,1
0.21055,2
0.2117,2
0.2119,2
0.22752,1
0.22809,1
0.24084,2
0.29116,2
0.30326,2
0.31466,2
0.31739,1
0.33592,1
0.35978,2
0.43019,2
0.44635,2
0.4586,1
0.47922,1
0.48946,1
0.50554,2
0.51023,2
0.52626,1
0.53254,2
0.54646,2
0.54884,2
0.55542,1
0.55596,2
0.56572,2
0.57262,2
0.5762,2
0.58896,2
0.601,2
0.60765,2
0.63662,1
0.64708,1
0.65028,1
0.65369,1
0.65932,1
0.66337,2
0.67115,1
0.6726,1
0.67308,1
0.68952,2
0.70564,2
0.71721,2
0.71946,2
0.72162,2
0.72362,2
0.74109,1
0.77044,1
0.79099,2
0.80192,2
0.80979,1
0.82355,2
0.8622,2
0.88946,2
0.93358,2
14,14
0.08449,2
0.13065,2
0.14276,1
0.14961,1
0.15165,1
0.18389,2
0.18563,1
0.18577,1
0.18754,2
0.22761,2
0.2467,1
0.25342,1
0.26183,1
0.27086,1
0.29702,1
0.30863,1
0.32192,2
0.32638,1
0.34624,1
0.37136,1
0.38606,1
0.39801,1
0.40725,1
0.4211,1
0.43042,1
0.4356,2
0.43992,2
0.44019,1
0.46512,2
0.50816,1
0.5612,2
0.57339,2
0.6103,2
0.61117,1
0.62411,2
0.62505,1
0.6282,1
0.6329,1
0.64195,1
0.64576,2
0.66924,1
0.67154,1
0.6792,1
0.68985,2
0.69449,2
0.70139,2
0.71764,2
0.72707,2
0.73197,2
0.73453,1
0.74157,2
0.74229,1
0.74285,1
0.75853,1
0.7614,2
0.76243,2
0.76444,1
0.77958,1
0.79126,2
0.79452,2
0.79611,2
0.80265,1
0.80281,1
0.8031,1
0.80575,2
0.80617,1
0.81429,2
0.8181,2
0.82283,2
0.82304,2
0.8248,1
0.83131,2
0.8324,2
0.8373,2
0.84281,2
0.84665,1
0.84767,2
0.84778,2
0.84961,1
0.85047,2
0.85257,2
0.85334,2
0.86153,2
0.86324,1
0.86711,1
0.87436,1
0.87594,2
0.87707,2
0.87753,2
0.88258,1
0.88294,2
0.88826,2
0.89007,2
0.89196,2
0.89438,1
0.89643,1
0.89752,2
0.91065,1
0.9186,1
0.91896,1
0.91896,1
0.92309,1
0.92485,2
0.95372,1
0.9548,2
0.95483,1
0.95623,2
0.95768,1
0.96014,1
0.96448,1
0.97405,1
0.97482,1
0.99757,2
15,15
0.049998,2
0.070567,1
0.077832,1
0.093484,1
0.10295,1
0.11533,1
0.13541,2
0.16512,2
0.16657,2
0.17271,2
0.18085,2
0.19243,1
0.20051,2
0.20913,2
0.25196,2
0.25927,2
0.26457,1
0.29108,2
0.2914,1
0.29707,1
0.30741,1
0.31944,2
0.32123,2
0.32167,2
0.32336,2
0.32625,2
0.32724,2
0.33064,1
0.33966,2
0.34338,1
0.34545,2
0.35101,2
0.35164,1
0.35253,2
0.35565,2
0.35853,2
0.36453,2
0.36517,1
0.3661,2
0.36843,2
0.37791,2
0.37957,2
0.38323,1
0.3853,1
0.38607,2
0.38696,1
0.3882,2
0.38903,2
0.38999,2
0.39193,2
0.39354,2
0.39524,2
0.39997,2
0.40081,2
0.40091,1
0.40279,1
0.40745,2
0.41073,1
0.41093,2
0.41152,2
0.4157,2
0.41581,1
0.41719,2
0.41993,2
0.42075,2
0.42303,1
0.42437,2
0.42523,2
0.42689,2
0.42716,2
0.42736,2
0.42769,2
0.42913,2
0.42914,1
0.42949,2
0.43317,2
0.4337,2
0.43447,2
0.43877,2
0.4403,2
0.44054,2
0.44202,1
0.44459,2
0.4449,1
0.44767,2
0.45914,2
0.45955,2
0.45996,2
0.46713,2
0.47197,1
0.47263,2
0.4727,2
0.47588,2
0.47881,1
0.48471,2
0.4877,2
0.48792,1
0.48836,1
0.49148,1
0.4916,2
0.49514,2
0.49701,1
0.4971,1
0.49822,1
0.49957,2
0.49961,1
0.50183,2
0.50224,1
0.50289,1
0.50394,2
0.50428,2
0.50571,2
0.50688,1
0.51824,2
0.51948,1
0.52041,2
0.52178,1
0.52392,1
0.528,2
0.5282,1
0.52877,2
0.53019,1
0.53235,1
0.53242,2
0.53296,2
0.53532,1
0.5358,2
0.53584,1
0.53611,2
0.53732,2
0.54106,1
0.54112,2
0.54166,2
0.54295,1
0.54866,2
0.54921,1
0.54933,1
0.55027,1
0.55268,2
0.55292,2
0.55745,2
0.56049,2
0.56118,2
0.56536,1
0.56852,2
0.56959,2
0.57193,1
0.57314,2
0.57324,2
0.57393,2
0.57401,2
0.57401,1
0.57567,2
0.57787,1
0.57885,1
0.58082,2
0.58086,1
0.58357,2
0.58499,2
0.5872,1
0.58747,2
0.58749,1
0.58943,1
0.59171,2
0.59249,1
0.5934,1
0.59353,2
0.59702,1
0.59714,2
0.59797,1
0.59871,1
0.603,2
0.60446,2
0.60508,1
0.60754,1
0.60759,1
0.61031,2
0.61078,1
0.61953,2
0.62483,2
0.62714,1
0.62922,2
0.63251,1
0.63384,2
0.63441,1
0.63566,2
0.63654,1
0.64055,2
0.64151,2
0.64164,1
0.64593,2
0.64777,1
0.65155,1
0.65654,2
0.65807,2
0.67946,2
0.68424,1
0.69023,1
0.69383,2
0.69837,1
0.69854,1
0.70033,1
0.70313,2
0.71327,1
0.71532,1
0.71859,1
0.72799,1
0.7282,1
0.74193,1
0.7441,2
0.7461,1
0.74624,1
0.74848,1
0.75083,1
0.75288,1
0.75377,1
0.76735,2
0.76761,2
0.7719,1
0.78558,2
0.79128,1
0.79569,2
0.79692,1
0.80671,1
0.81419,1
0.81481,2
0.81857,2
0.82129,1
0.82135,1
0.82786,2
0.83002,1
0.83074,2
0.83101,2
0.83533,2
0.84024,1
0.85309,1
0.86347,2
0.87304,2
0.87392,1
0.87541,2
0.88059,2
0.88088,1
0.88545,1
0.89149,2
0.89344,1
0.90638,2
0.90693,2
0.91088,1
0.92848,1
0.92973,2
0.93014,2
0.93019,2
0.93185,2
0.9396,1
0.94028,2
0.94381,2
0.94749,2
0.94909,1
0.95202,2
0.95424,2
0.95512,2
0.95581,2
0.95915,2
0.96452,2
0.96571,2
0.96813,1
0.98639,2
0.98884,1
0.99191,2
0.9924,2
0.99337,1
0.99529,1
16,16
0.060163,2
0.079476,2
0.089975,1
0.11176,2
0.11273,1
0.11589,1
0.12057,1
0.15324,1
0.16984,1
0.17551,1
0.17856,1
0.18385,1
0.20408,2
0.21661,1
0.22644,1
0.2321,2
0.23993,2
0.24396,1
0.26209,1
0.2624,1
0.26665,1
0.26929,2
0.27048,2
0.27946,2
0.28621,1
0.29435,2
0.29641,1
0.29721,2
0.29831,1
0.30451,1
0.30473,1
0.31187,1
0.31551,1
0.31586,2
0.32239,1
0.32291,1
0.3337,1
0.33755,1
0.34525,2
0.34751,1
0.34776,2
0.35789,2
0.36237,2
0.36643,1
0.37402,2
0.37648,2
0.37929,1
0.38081,1
0.40919,1
0.41049,1
0.4115,1
0.41761,1
0.46647,1
0.47641,2
0.48479,1
0.4867,2
0.50717,1
0.51341,1
0.52025,1
0.5219,1
0.52578,1
0.53817,2
0.55507,1
0.5567,1
0.57332,1
0.58773,2
0.58796,1
0.58811,1
0.59015,1
0.59206,1
0.59229,1
0.59511,1
0.60236,1
0.61082,2
0.61192,1
0.61483,1
0.61766,2
0.61856,1
0.62489,1
0.62506,1
0.63129,2
0.63154,2
0.63668,1
0.63879,1
0.64144,1
0.64243,1
0.64558,1
0.64567,1
0.65304,1
0.66205,1
0.66535,1
0.66558,1
0.66591,1
0.66905,1
0.6694,1
0.6748,2
0.67703,1
0.67886,1
0.6802,2
0.68029,1
0.68259,1
0.68416,2
0.68698,1
0.68747,1
0.68776,1
0.69019,1
0.69133,1
0.69388,1
0.69578,1
0.69633,1
0.70005,1
0.70653,1
0.70853,1
0.71729,1
0.71962,1
0.72108,1
0.72753,1
0.72827,2
0.73031,1
0.73067,2
0.73216,1
0.73272,2
0.7345,1
0.73507,1
0.73674,2
0.74358,2
0.74389,1
0.74586,1
0.7461,1
0.74721,1
0.749,2
0.75365,1
0.75391,1
0.75495,1
0.75912,1
0.76038,1
0.76205,1
0.765,2
0.76674,1
0.76826,2
0.76945,2
0.78806,1
0.79334,1
0.79796,1
0.81079,1
0.82378,1
0.82527,2
0.82766,1
0.82929,1
0.83003,1
0.83081,1
0.83148,1
0.83494,1
0.83578,1
0.83679,1
0.84192,1
0.84193,1
0.84201,1
0.84512,1
0.84536,1
0.84593,1
0.84796,1
0.85387,2
0.85538,1
0.86922,1
0.88439,2
0.89086,1
0.89326,1
0.89828,2
0.89972,1
0.90151,1
0.9034,1
0.90645,1
0.90921,2
0.91002,1
0.91256,1
0.91973,2
0.92428,1
0.92438,1
0.92686,2
0.92699,1
0.92981,1
0.93759,1
0.9404,1
0.94317,2
0.94884,1
0.9495,1
0.94984,1
0.95215,1
0.96336,1
0.96445,1
0.96519,1
0.96811,1
0.96984,1
0.97005,2
0.97151,1
0.97923,1
0.97986,2
0.98382,2
0.99267,1
0.9952,1
0.99627,1
17,17
0.009809,2
0.019881,2
0.033468,2
0.044027,1
0.052953,1
0.057697,2
0.066715,1
0.079476,2
0.12182,2
0.16552,1
0.19687,2
0.22446,2
0.22779,1
0.2455,2
0.30771,1
0.31702,1
0.32412,1
0.32492,2
0.32815,2
0.33726,1
0.34181,1
0.34391,1
0.35737,1
0.37052,1
0.37206,1
0.39684,1
0.40907,1
0.41315,2
0.41499,2
0.42617,1
0.59078,1
0.62695,2
0.67458,1
0.68156,2
0.68858,2
0.70793,1
0.70997,2
0.72593,2
0.7275,2
0.72753,2
0.73226,1
0.7386,2
0.75648,2
0.75858,1
0.76169,1
0.76494,2
0.76751,1
0.76886,1
0.77169,1
0.77219,2
0.7741,1
0.77414,1
0.78259,2
0.79411,1
0.8036,2
0.80834,2
0.80841,1
0.80933,1
0.81189,1
0.81501,2
0.8332,2
0.84056,1
0.84348,2
0.84725,1
0.85348,1
0.85455,2
0.85961,2
0.86156,1
0.86325,1
0.86447,2
0.86771,2
0.86898,1
0.87096,2
0.87933,2
0.88956,1
0.8897,2
0.89109,2
0.89259,2
0.89381,1
0.89416,2
0.89468,2
0.90003,2
0.90361,2
0.90684,2
0.90928,2
0.91038,2
0.91775,1
0.91817,2
0.91896,2
0.9228,2
0.92456,2
0.92835,2
0.93126,2
0.9413,2
0.94414,2
0.94936,2
0.95358,2
0.95569,2
0.95788,2
0.9606,2
0.96731,1
0.96791,2
0.96875,1
0.97099,2
0.97485,2
0.97903,1
0.9803,1
0.98279,2
0.9841,2
0.98545,1
0.98564,2
0.98622,2
18,18
0.0045914,1
0.005185,1
0.017471,2
0.020092,1
0.021387,1
0.040403,2
0.051149,1
0.15041,1
0.1593,2
0.20033,1
0.22516,1
0.29211,1
0.30534,1
0.30543,1
0.30839,2
0.31372,2
0.32121,1
0.40652,2
0.43196,2
0.47425,2
0.47494,2
0.50323,2
0.51611,2
0.52715,2
0.53067,1
0.5674,2
0.5867,2
0.62501,2
0.65269,2
0.66606,2
0.69642,1
0.70907,2
0.71011,2
0.74926,2
0.7614,2
0.79093,2
0.79268,2
0.79457,2
0.86767,2
0.89019,2
0.91863,2
0.95025,2
0.9538,2
0.95481,2
0.97188,2
0.98372,2
0.99487,2
19,19
0.044312,1
0.064373,2
0.067453,1
0.078938,2
0.12205,2
0.139,1
0.15829,1
0.18054,2
0.18146,1
0.1931,2
0.21876,2
0.25046,1
0.25314,1
0.25426,2
0.25709,2
0.2866,1
0.28783,1
0.31193,1
0.3546,2
0.36662,1
0.3683,1
0.44387,1
0.47415,2
0.5059,2
0.51519,2
0.51647,2
0.5388,1
0.54191,2
0.54923,1
0.55968,2
0.56673,1
0.57241,2
0.573,2
0.57812,2
0.5801,1
0.58016,2
0.584,2
0.60316,2
0.61287,1
0.61736,2
0.61803,1
0.61882,2
0.6204,2
0.62063,2
0.6295,2
0.63632,1
0.64014,1
0.64521,2
0.65306,2
0.65873,1
0.66703,2
0.66986,2
0.66997,1
0.67282,2
0.68472,2
0.6852,2
0.69394,2
0.69593,1
0.69775,2
0.69993,1
0.70232,2
0.70371,2
0.70678,2
0.71508,1
0.71576,2
0.7207,2
0.74644,2
0.75045,2
0.75159,2
0.75889,2
0.77295,2
0.77442,2
0.77685,1
0.78366,2
0.7858,1
0.7903,2
0.80053,2
0.80757,2
0.8076,2
0.81091,2
0.81177,2
0.81194,2
0.81345,2
0.81865,2
0.83202,1
0.83335,2
0.83783,2
0.8428,1
0.84824,1
0.84953,1
0.85047,2
0.85184,1
0.85429,2
0.85504,2
0.85579,1
0.85845,2
0.8613,1
0.86312,2
0.86355,2
0.86558,2
0.86755,2
0.86846,1
0.86966,2
0.8705,1
0.87202,2
0.8775,1
0.88175,2
0.88574,1
0.88746,2
0.89178,2
0.89667,2
0.897,2
0.90191,1
0.90469,2
0.90576,2
0.91005,2
0.91232,1
0.91462,2
0.91525,2
0.91534,2
0.91665,1
0.91668,2
0.91836,2
0.91959,1
0.92092,2
0.92148,2
0.92168,1
0.92192,2
0.92229,2
0.92257,2
0.92887,1
0.93319,1
0.93456,2
0.9392,1
0.9395,2
0.94014,1
0.94081,1
0.94653,1
0.9491,2
0.95402,1
0.96003,1
0.96301,1
0.96477,2
0.96503,2
0.96741,2
0.96744,2
0.97073,2
0.97399,2
0.97934,1
0.9807,1
0.98301,2
0.98595,2
0.99801,2
0.99871,2
20,20
0.016391,2
0.016957,2
0.031817,2
0.04739,2
0.053066,2
0.061258,1
0.13561,1
0.26018,1
0.30297,1
0.34134,2
0.36975,1
0.39274,2
0.39709,2
0.40116,2
0.44313,2
0.44373,2
0.48662,2
0.55328,1
0.55596,2
0.55674,2
0.56384,2
0.57463,1
0.5747,1
0.57482,1
0.57732,1
0.59509,1
0.61695,1
0.63062,1
0.65592,1
0.67341,1
0.67832,2
0.68257,2
0.69328,1
0.70564,1
0.72706,2
0.76662,2
0.7695,2
0.80381,1
0.80546,1
0.81211,2
0.81386,2
0.81408,2
0.82107,1
0.82192,1
0.83979,2
0.85078,1
0.85196,1
0.85523,1
0.8567,1
0.85771,1
0.86793,2
0.87965,1
0.88482,1
0.89599,1
0.8999,2
0.90252,2
0.92487,1
0.92585,2
0.92739,2
0.93081,2
0.93541,1
0.9436,1
0.94388,1
0.95517,1
0.95768,2
0.95865,2
0.95941,2
0.96273,1
0.96709,1
0.96733,1
0.96931,2
0.97397,1
0.97798,1
0.97968,1
0.98543,1
0.9857,1
0.98714,1
0.98777,2
0.98838,1
0.99006,1
0.99515,1
0.99726,1
0.99822,1
21,21
0.0047955,1
0.083736,1
0.16292,1
0.21758,1
0.2257,2
0.23747,1
0.24631,1
0.26839,1
0.28688,1
0.33707,1
0.39363,1
0.41441,1
0.42059,2
0.42695,1
0.42976,2
0.4661,1
0.48556,1
0.4919,1
0.49225,1
0.50334,1
0.50823,1
0.51578,1
0.51975,1
0.53193,1
0.5483,2
0.54831,2
0.57131,1
0.57717,1
0.60652,1
0.61773,2
0.63036,1
0.6782,1
0.6892,1
0.7101,1
0.79046,2
0.80841,2
0.81806,2
0.82254,2
0.84175,2
0.85085,2
0.86662,2
0.8861,1
0.89288,2
0.91579,1
0.92475,1
0.96299,2
0.96518,2
22,22
0.077243,1
0.14729,2
0.17708,2
0.17975,1
0.20558,1
0.2104,1
0.22747,1
0.27308,1
0.27648,1
0.30459,2
0.30707,1
0.39618,1
0.39908,1
0.4143,1
0.45794,1
0.53141,2
0.53155,1
0.55247,2
0.55622,1
0.58724,2
0.59733,2
0.64541,2
0.69733,2
0.76333,2
0.76349,1
0.79536,1
0.7963,1
0.81437,1
0.8208,1
0.82834,1
0.83095,1
0.83566,1
0.84005,1
0.84646,2
0.84734,1
0.85097,1
0.88084,1
0.88545,2
0.88728,2
0.89858,2
0.90314,2
0.90505,1
0.90843,1
0.93312,1
0.95,1
0.95993,1
0.96187,2
0.96274,1
0.96414,2
0.96715,2
0.96792,2
0.96858,1
0.97564,2
0.9765,2
0.98314,1
0.98548,1
0.98935,1
0.99631,1
23,23
0.030355,2
0.045319,2
0.11768,1
0.15142,2
0.17166,2
0.17632,2
0.18297,2
0.18701,2
0.21491,2
0.21539,2
0.23666,2
0.25107,2
0.25133,1
0.26186,2
0.34679,2
0.37619,2
0.38819,1
0.38831,2
0.38931,1
0.45378,2
0.47084,1
0.47189,1
0.48048,1
0.50055,2
0.5035,1
0.59772,1
0.62292,1
0.63672,2
0.63871,2
0.65538,2
0.65773,2
0.66236,2
0.66681,1
0.66793,2
0.6845,2
0.68507,2
0.70494,2
0.72568,1
0.72823,2
0.74187,1
0.74902,1
0.76694,2
0.77661,1
0.77758,1
0.79615,1
0.83371,2
0.86725,1
0.87477,1
0.87845,1
0.97767,2
0.98366,2
24,24
0.036229,1
0.03998,1
0.13363,1
0.19407,1
0.19899,1
0.22877,1
0.2451,1
0.2482,1
0.24838,1
0.24906,1
0.2509,1
0.25797,1
0.2657,1
0.2762,2
0.27713,2
0.27879,1
0.28659,1
0.28844,2
0.28927,1
0.2994,2
0.30002,2
0.30492,2
0.33633,1
0.34054,1
0.34531,2
0.34821,2
0.35167,2
0.36013,1
0.36357,1
0.36605,2
0.3935,1
0.3975,1
0.40295,2
0.40776,2
0.41304,1
0.41587,1
0.41987,1
0.42708,1
0.43785,2
0.45397,2
0.45971,1
0.51269,2
0.52935,1
0.53028,2
0.5431,1
0.5485,2
0.55207,2
0.5547,1
0.5571,1
0.5648,2
0.5724,2
0.5777,1
0.58367,1
0.59298,1
0.59642,1
0.61365,2
0.61791,2
0.62156,1
0.63754,2
0.63799,2
0.64277,2
0.65474,2
0.65604,2
0.65721,2
0.65973,1
0.66448,2
0.66965,2
0.69303,2
0.69336,1
0.7001,1
0.70675,2
0.71935,2
0.71981,2
0.72484,2
0.73605,2
0.73795,2
0.74151,1
0.74776,1
0.75023,1
0.75345,1
0.75603,1
0.75745,1
0.77618,1
0.77688,2
0.78785,1
0.80016,1
0.80364,1
0.81033,1
0.8266,2
0.85792,1
0.87039,1
0.89329,1
0.89719,2
0.89914,2
0.90584,1
0.90932,2
0.91901,2
0.91958,2
0.92398,2
0.92861,1
0.9339,2
0.94396,2
0.94408,2
0.95559,2
0.9599,2
0.96248,2
0.9711,1
0.97661,2
0.98304,2
0.99273,1
0.99591,2
25,25
0.034264,1
0.12577,2
0.16221,1
0.17235,1
0.18208,1
0.20626,1
0.2831,1
0.28394,2
0.31589,2
0.3272,2
0.33167,2
0.34359,2
0.35111,2
0.35364,2
0.36989,2
0.39236,2
0.39592,2
0.41619,2
0.43586,1
0.43895,2
0.45554,2
0.45753,2
0.46088,2
0.4687,2
0.47112,2
0.4803,1
0.49765,2
0.49853,1
0.49916,1
0.51197,2
0.51426,2
0.52527,2
0.53011,1
0.53111,1
0.53282,2
0.53366,1
0.53714,2
0.53998,1
0.54383,1
0.54597,1
0.56093,2
0.62496,2
0.63063,1
0.6387,2
0.66487,2
0.67706,2
0.69636,2
0.7099,2
0.71858,2
0.71943,2
0.71956,1
0.7247,1
0.74074,2
0.74316,1
0.74604,1
0.75339,2
0.7572,1
0.75926,1
0.76195,2
0.77762,1
0.77984,1
0.78247,1
0.79716,2
0.80675,1
0.8115,2
0.81248,1
0.81862,1
0.81934,1
0.81964,1
0.8232,1
0.83053,1
0.83411,1
0.83533,2
0.84675,2
0.84786,1
0.84959,2
0.84994,1
0.85425,1
0.85751,1
0.86384,1
0.86498,1
0.86518,2
0.86537,2
0.86646,1
0.867,1
0.87519,1
0.8783,1
0.87844,1
0.87885,1
0.88203,2
0.88376,1
0.88402,1
0.88408,1
0.88692,2
0.8887,1
0.8893,1
0.89023,1
0.89234,1
0.89644,1
0.89994,2
0.90214,1
0.90247,1
0.90344,1
0.90707,2
0.90712,1
0.90758,1
0.91106,1
0.91143,1
0.9126,1
0.91269,1
0.91271,2
0.91308,1
0.91336,1
0.91507,1
0.91833,2
0.91956,1
0.9268,1
0.93101,2
0.93172,1
0.93439,1
0.93804,1
0.93912,1
0.93975,1
0.94015,2
0.94271,1
0.94283,2
0.94311,1
0.94353,1
0.94406,2
0.94423,2
0.9486,2
0.94922,1
0.95131,2
0.952,1
0.96012,1
0.96535,1
0.96603,1
0.9668,1
0.97085,1
0.97532,1
0.97562,1
0.97888,2
0.97926,2
0.97958,2
0.9804,1
0.98122,2
0.98245,1
0.98628,2
0.9871,1
0.98879,2
0.9888,1
0.98929,1
0.99436,1
0.99534,1
0.99938,1
26,26
0.21169,1
0.2293,2
0.26324,1
0.26575,1
0.2663,2
0.26655,1
0.28073,1
0.28339,1
0.33539,1
0.34673,1
0.36334,1
0.38422,1
0.39603,2
0.41361,1
0.4162,1
0.43855,1
0.44954,2
0.4914,2
0.49347,2
0.49846,2
0.50701,2
0.5148,2
0.52775,2
0.63438,2
0.6483,2
0.6807,2
0.68089,2
0.6874,2
0.71033,1
0.72267,2
0.73201,2
0.73719,1
0.74774,2
0.75032,2
0.7531,2
0.77308,1
0.79909,1
0.80801,2
0.80854,1
0.81443,2
0.83411,1
0.85984,2
0.874,2
0.87799,2
0.894,2
0.89835,2
0.89904,2
0.9116,2
0.91527,2
0.91866,1
0.92019,2
0.9202,1
0.92247,2
0.92465,2
0.926,1
0.92671,2
0.94743,2
0.95227,2
0.95711,2
0.95722,2
0.95983,2
0.95989,1
0.96027,2
0.96031,1
0.96111,2
0.96726,2
0.96883,2
0.96901,2
0.96904,2
0.97306,2
0.97397,1
0.97571,2
0.97644,2
0.97722,2
0.9794,2
0.98314,1
0.98326,2
0.98623,2
0.9882,2
0.98948,1
27,27
0.044102,1
0.072282,2
0.084056,1
0.091352,1
0.12059,2
0.19765,1
0.29183,1
0.33567,2
0.37871,2
0.39588,1
0.40656,2
0.41233,1
0.41544,2
0.41901,2
0.4215,2
0.42429,2
0.42572,2
0.42674,2
0.42858,2
0.43083,1
0.43249,1
0.43605,2
0.43799,1
0.44925,2
0.45142,1
0.45361,1
0.45628,2
0.45922,1
0.45949,1
0.45953,2
0.46581,1
0.46688,2
0.4685,2
0.46891,2
0.47483,1
0.47857,1
0.48013,2
0.48156,1
0.48187,2
0.4823,2
0.48253,1
0.48289,1
0.48361,2
0.48365,1
0.48644,2
0.48775,2
0.48802,1
0.48857,2
0.49767,1
0.49808,1
0.49894,1
0.50661,2
0.50792,2
0.51294,1
0.51296,2
0.5183,2
0.529,1
0.52983,2
0.53159,1
0.53611,2
0.54403,1
0.54445,2
0.54508,2
0.54703,2
0.54759,2
0.55317,1
0.55612,2
0.55704,1
0.55758,1
0.56198,1
0.56383,1
0.56454,1
0.56505,2
0.56619,1
0.57761,2
0.57911,1
0.57949,1
0.58001,2
0.58095,1
0.58872,1
0.58977,2
0.59324,2
0.594,2
0.59409,2
0.59414,2
0.59419,2
0.59645,1
0.59909,2
0.59992,2
0.60076,2
0.60454,2
0.60686,2
0.60712,1
0.60745,2
0.6126,1
0.61297,1
0.61587,1
0.61674,2
0.61699,2
0.61889,2
0.61968,2
0.63165,2
0.64145,2
0.64557,2
0.64874,1
0.6505,2
0.651,2
0.65409,2
0.65422,2
0.66224,2
0.66595,2
0.66609,2
0.66637,2
0.6702,2
0.67027,1
0.68148,2
0.68426,2
0.68893,2
0.6905,2
0.69599,2
0.70168,2
0.70364,2
0.70702,2
0.70744,2
0.70901,2
0.71209,2
0.71244,2
0.7169,2
0.71725,2
0.7206,2
0.72876,2
0.73124,1
0.74083,2
0.7472,1
0.74854,2
0.75007,2
0.75023,2
0.75034,2
0.75178,2
0.76016,2
0.76084,2
0.76137,1
0.7635,2
0.76568,2
0.76725,2
0.77791,1
0.78616,2
0.79064,2
0.7918,1
0.80128,2
0.80303,2
0.80371,2
0.80383,2
0.80837,2
0.80885,1
0.80926,2
0.81564,2
0.82409,1
0.82601,1
0.82793,2
0.82836,2
0.82892,1
0.83845,1
0.84298,1
0.84861,1
0.85003,1
0.85159,1
0.852,1
0.85393,1
0.86136,1
0.86305,2
0.86352,1
0.87178,2
0.87433,2
0.87773,1
0.87903,1
0.8808,2
0.88339,2
0.88423,1
0.88475,2
0.88622,2
0.88786,1
0.89267,1
0.89865,1
0.89867,2
0.90548,2
0.90718,1
0.9072,1
0.91088,1
0.91822,2
0.91934,2
0.91961,1
0.92019,1
0.92225,1
0.92412,2
0.92732,1
0.92767,1
0.92816,1
0.92897,1
0.93252,2
0.9326,1
0.93659,2
0.93923,1
0.9428,2
0.94345,2
0.94514,2
0.948,2
0.95132,2
0.95149,1
0.9555,1
0.95966,1
0.96033,1
0.9648,1
0.96552,2
0.96658,1
0.96828,1
0.97335,1
0.97685,2
0.97932,2
0.97961,2
0.97973,1
0.97996,1
0.98149,1
0.98535,1
0.98702,1
0.98943,1
0.99347,2
0.99383,2
0.9953,1
0.99707,1
0.99727,1
0.99862,1
0.99972,2
28,28
0.097034,2
0.097818,2
0.11118,2
0.15557,2
0.15658,2
0.17244,1
0.2087,1
0.23568,2
0.23959,2
0.24486,2
0.29258,2
0.33797,2
0.33823,1
0.34585,1
0.38592,2
0.49781,2
0.52838,1
0.60382,1
0.6254,2
0.63972,1
0.66431,1
0.70455,1
0.72551,1
0.76272,2
0.76459,2
0.77305,2
0.79892,2
0.79914,2
0.80153,1
0.81717,1
0.82618,1
0.83144,1
0.83319,2
0.83525,2
0.83708,2
0.84426,1
0.84891,1
0.8572,1
0.86197,2
0.86486,1
0.86782,1
0.87002,1
0.87466,1
0.87666,2
0.87716,1
0.87795,2
0.8793,1
0.87982,1
0.88282,1
0.88638,2
0.8892,2
0.89037,1
0.89393,2
0.89694,1
0.89852,2
0.90003,1
0.90286,1
0.90481,2
0.9077,1
0.90789,1
0.90997,1
0.91271,2
0.9137,1
0.91917,2
0.92674,2
0.92677,1
0.92763,2
0.92807,1
0.92908,1
0.92924,1
0.93141,1
0.93201,1
0.93302,1
0.93451,1
0.93674,1
0.93806,2
0.94081,1
0.94081,2
0.94085,1
0.94286,1
0.94541,1
0.94731,2
0.94886,1
0.94975,2
0.95093,1
0.95288,1
0.95359,1
0.95479,1
0.9601,1
0.9604,2
0.96119,2
0.96137,2
0.96284,1
0.96543,2
0.96586,1
0.96953,1
0.96985,2
0.9699,2
0.97028,1
0.97473,1
0.97982,2
0.97991,1
0.98181,1
0.98228,1
0.98852,1
0.99024,1
0.99672,2
29,29
0.035305,2
0.050386,2
0.062022,1
0.072394,1
0.075772,2
0.076302,1
0.082264,2
0.089495,2
0.10049,1
0.10421,2
0.1057,2
0.10824,2
0.10836,2
0.10939,1
0.12217,1
0.13312,2
0.14124,2
0.14711,2
0.15026,1
0.15852,1
0.16246,1
0.16388,2
0.17513,2
0.17876,2
0.18198,2
0.18641,2
0.19297,1
0.19513,2
0.20077,2
0.20666,1
0.21095,1
0.213,1
0.21416,2
0.21611,2
0.21665,2
0.22126,2
0.22167,1
0.23228,2
0.24486,1
0.24592,1
0.25142,2
0.2544,1
0.27694,2
0.27847,2
0.29118,2
0.29307,2
0.29642,2
0.301,2
0.31311,1
0.33675,2
0.34339,2
0.35317,2
0.35556,2
0.37055,1
0.37549,2
0.39741,2
0.3985,2
0.39887,2
0.40305,1
0.40353,2
0.40429,2
0.40847,2
0.41078,1
0.41377,2
0.41833,2
0.42076,1
0.42275,1
0.42769,1
0.42861,2
0.43262,1
0.4327,1
0.43309,2
0.43502,2
0.43942,2
0.44695,2
0.45159,1
0.45269,1
0.45722,2
0.45743,2
0.45895,2
0.46247,1
0.46404,1
0.4717,2
0.48066,1
0.48083,1
0.48488,2
0.49044,2
0.49501,1
0.49941,2
0.50469,2
0.50601,1
0.51928,2
0.52075,1
0.52377,1
0.52591,2
0.53564,1
0.53577,1
0.54086,2
0.54237,2
0.54276,2
0.54535,1
0.54681,2
0.54727,2
0.54884,2
0.55652,1
0.56445,2
0.56692,1
0.56874,2
0.57093,1
0.57333,2
0.57614,1
0.57743,2
0.58136,2
0.58561,2
0.58894,2
0.58986,2
0.59068,1
0.59416,2
0.59555,1
0.59607,2
0.59952,2
0.59993,2
0.60118,1
0.60405,1
0.60549,2
0.60841,1
0.62624,1
0.63573,1
0.63847,2
0.64681,2
0.6488,1
0.65877,2
0.66162,2
0.662,1
0.66735,1
0.66858,2
0.6718,1
0.67491,2
0.67785,2
0.67937,2
0.68298,1
0.68411,2
0.68414,1
0.69108,1
0.69142,2
0.69925,2
0.70505,1
0.71285,1
0.71685,1
0.72599,2
0.72792,2
0.7307,2
0.74036,2
0.74699,2
0.75062,2
0.76026,2
0.76551,2
0.76554,1
0.77483,2
0.79378,2
0.80461,2
0.8361,1
0.84864,1
0.86048,2
0.8695,2
0.87854,1
0.89807,2
0.90223,1
0.94375,2
0.99879,2
30,30
0.069375,1
0.073341,1
0.1248,2
0.18396,2
0.23417,1
0.24477,1
0.28458,2
0.38882,2
0.42007,1
0.43865,2
0.45687,2
0.47763,2
0.49026,2
0.49298,1
0.49374,1
0.49613,1
0.49956,1
0.5025,2
0.51403,1
0.51448,1
0.51544,2
0.51622,1
0.51759,2
0.53526,2
0.54256,2
0.54728,1
0.59309,1
0.6624,2
0.66465,2
0.68089,2
0.68981,2
0.69162,2
0.7382,2
0.74534,2
0.74648,1
0.74665,1
0.75017,2
0.75096,2
0.76802,2
0.77194,2
0.78475,2
0.79852,2
0.80213,2
0.80582,1
0.82151,2
0.82446,1
0.82666,2
0.82742,2
0.84775,1
0.85708,1
0.86058,1
0.87862,2
0.88372,2
0.90451,2
0.90989,2
0.93703,2
0.94818,2
0.94911,1
0.95065,2
0.95132,1
0.95226,1
0.95853,1
0.95941,2
0.96265,1
0.96696,1
0.97331,1
31,31
0.0631,2
0.1108,1
0.18797,2
0.18895,1
0.19824,1
0.2022,1
0.21281,1
0.21443,1
0.21787,1
0.22594,1
0.2321,1
0.23833,1
0.24716,1
0.25868,1
0.26687,1
0.26737,2
0.27507,1
0.27707,1
0.28668,1
0.29048,1
0.30896,1
0.31617,1
0.32793,1
0.33116,2
0.33297,1
0.34041,1
0.3418,1
0.35744,2
0.35922,2
0.35927,1
0.37781,2
0.38141,2
0.38456,1
0.39988,2
0.42947,1
0.43213,2
0.43303,2
0.43681,2
0.43719,2
0.43912,2
0.44428,2
0.44556,2
0.44656,2
0.45049,2
0.4529,2
0.4549,1
0.45912,1
0.4617,2
0.47236,2
0.47271,2
0.47599,2
0.4789,2
0.48854,2
0.48995,1
0.52598,2
0.5345,1
0.54057,1
0.55961,2
0.59979,2
0.6014,2
0.60275,2
0.61156,2
0.61579,1
0.61639,1
0.62683,2
0.62982,2
0.62984,2
0.63001,2
0.63037,2
0.63841,2
0.64006,1
0.64022,1
0.64371,2
0.64618,2
0.64796,1
0.64863,1
0.65162,2
0.65707,2
0.65962,2
0.66166,1
0.66189,2
0.66727,1
0.66748,1
0.67649,2
0.68655,1
0.68961,2
0.69139,1
0.70035,2
0.70614,2
0.70797,1
0.72549,2
0.72872,1
0.74492,2
0.74762,2
0.74786,2
0.75997,2
0.7604,1
0.76696,2
0.769,2
0.77532,2
0.77746,2
0.77987,1
0.78186,1
0.78249,2
0.78625,1
0.78697,1
0.79271,2
0.79385,1
0.79413,2
0.79449,2
0.79537,2
0.79641,2
0.80086,2
0.80322,2
0.80542,2
0.80801,2
0.80985,1
0.8099,2
0.81168,2
0.81998,2
0.82343,2
0.82666,2
0.82691,2
0.82731,2
0.82927,2
0.83409,1
0.83688,2
0.83728,2
0.83762,1
0.83865,1
0.84882,2
0.85039,2
0.85719,2
0.85809,2
0.85831,2
0.86938,1
0.87026,2
0.87032,2
0.87046,2
0.87085,1
0.8799,2
0.88179,2
0.89058,1
0.89296,1
0.89351,2
0.89428,1
0.89956,2
0.89997,2
0.91011,1
0.9133,2
0.91513,2
0.91517,1
0.91581,1
0.92081,2
0.9284,2
0.9302,1
0.93039,1
0.93725,2
0.94191,1
0.94857,2
0.94963,1
0.96285,1
0.96415,1
0.97203,1
0.97227,2
0.97535,1
0.98095,2
0.98612,1
0.99108,1
0.99436,1
0.99442,2
32,32
0.012795,2
0.087456,2
0.11263,2
0.11326,1
0.12569,1
0.18166,1
0.18585,2
0.18959,1
0.19645,2
0.21167,1
0.21948,2
0.21954,1
0.22103,2
0.22146,1
0.22441,1
0.2268,2
0.22891,2
0.22907,2
0.238,1
0.24518,1
0.24578,1
0.25847,1
0.27009,2
0.27685,1
0.31434,1
0.31667,1
0.32404,1
0.32798,1
0.32956,1
0.32988,2
0.33375,1
0.34038,2
0.34145,2
0.34441,2
0.34873,2
0.34957,1
0.35389,1
0.35751,1
0.36284,1
0.38336,2
0.38721,2
0.38845,1
0.38902,1
0.38921,2
0.39429,2
0.40652,1
0.42064,1
0.42397,1
0.43978,1
0.442,1
0.44521,2
0.44872,1
0.45057,2
0.45163,1
0.45247,1
0.45296,1
0.45793,1
0.45795,1
0.459,1
0.47074,1
0.47281,1
0.47331,1
0.48573,1
0.49242,1
0.50566,1
0.51068,2
0.51502,1
0.51518,2
0.5156,2
0.51822,2
0.52634,1
0.52864,1
0.53431,1
0.53904,1
0.54036,1
0.5524,1
0.5553,1
0.56143,1
0.5615,1
0.56467,1
0.56534,1
0.57313,2
0.57955,2
0.58742,1
0.58824,1
0.60489,2
0.60619,1
0.61083,1
0.61192,1
0.61262,2
0.61484,2
0.61912,1
0.62093,2
0.62094,1
0.62125,1
0.62488,1
0.62967,2
0.63036,1
0.6312,1
0.63238,1
0.63275,1
0.6352,2
0.6367,2
0.63854,2
0.64208,2
0.64418,2
0.64477,1
0.64652,1
0.64783,1
0.65195,2
0.65317,2
0.65691,1
0.66337,1
0.66419,1
0.66664,1
0.66841,1
0.66994,2
0.67183,2
0.67184,1
0.67593,2
0.67607,1
0.68156,1
0.6831,2
0.68562,1
0.69161,1
0.70212,1
0.71291,2
0.71893,2
0.72227,1
0.72534,1
0.72633,1
0.73438,1
0.74136,1
0.7435,2
0.75108,2
0.75317,2
0.76655,1
0.77843,1
0.78425,1
0.78572,1
0.78781,1
0.7894,1
0.79172,2
0.79205,2
0.79255,2
0.79581,1
0.79798,2
0.80688,1
0.80693,1
0.8132,2
0.81518,1
0.82743,2
0.82785,2
0.83724,2
0.84361,1
0.84994,1
0.85597,1
0.86129,2
0.86891,1
0.87244,1
0.88121,1
0.88315,2
0.89568,1
0.89922,2
0.90078,1
0.90777,1
0.91994,1
0.91999,1
0.92672,1
0.95307,2
0.95989,1
0.96172,1
0.98758,1
0.99503,1
33,33
0.020631,1
0.028704,2
0.058773,2
0.060526,2
0.089278,2
0.094475,2
0.10089,2
0.11552,2
0.15657,2
0.16885,1
0.17289,2
0.17813,2
0.1941,2
0.19414,2
0.21892,2
0.23212,2
0.23217,2
0.23597,2
0.23824,2
0.24036,2
0.24076,2
0.25873,2
0.26524,2
0.26887,2
0.27077,2
0.28059,2
0.28825,2
0.28973,2
0.29371,2
0.29649,1
0.30206,2
0.30703,2
0.30829,1
0.31764,1
0.32089,2
0.33167,1
0.33324,2
0.33454,2
0.33639,1
0.33702,2
0.3409,1
0.34145,1
0.34175,2
0.34367,2
0.34465,1
0.34552,1
0.348,1
0.34867,2
0.35024,2
0.35402,1
0.35452,2
0.35537,2
0.36265,2
0.36307,2
0.36767,2
0.36944,2
0.37349,2
0.37574,1
0.37679,2
0.37873,2
0.38034,1
0.38059,2
0.38277,1
0.38374,1
0.38407,1
0.38604,2
0.38704,1
0.38785,1
0.39241,2
0.39651,2
0.39723,2
0.39794,1
0.40178,2
0.403,2
0.405,2
0.4085,1
0.41093,1
0.41506,1
0.41692,2
0.41914,1
0.41965,2
0.41972,1
0.42063,2
0.42113,1
0.42163,2
0.42187,1
0.42391,1
0.42758,1
0.42904,2
0.42939,1
0.43392,1
0.43662,1
0.43872,2
0.44022,2
0.44058,1
0.44204,1
0.44542,1
0.4474,2
0.45048,2
0.45214,1
0.45257,2
0.45503,2
0.45569,2
0.45586,1
0.45736,2
0.45813,2
0.45828,2
0.46088,2
0.46096,1
0.46792,2
0.46899,1
0.47258,1
0.47579,2
0.47889,1
0.48089,2
0.48492,1
0.48545,1
0.48638,1
0.49104,1
0.49225,1
0.49336,2
0.49447,1
0.49646,1
0.50582,1
0.50806,2
0.51117,1
0.51527,1
0.51711,1
0.52454,2
0.53093,1
0.53282,1
0.53361,1
0.53483,1
0.54153,2
0.54196,1
0.54201,1
0.55303,1
0.55469,1
0.55697,1
0.55914,1
0.55994,2
0.56091,1
0.5641,1
0.56859,1
0.57278,2
0.57347,2
0.57762,2
0.58057,1
0.58193,2
0.58556,1
0.58707,1
0.58744,1
0.58857,1
0.58997,1
0.59885,1
0.6062,1
0.60623,1
0.60996,1
0.61066,1
0.61087,1
0.61457,1
0.61695,1
0.61712,1
0.61822,1
0.62459,1
0.6264,2
0.62874,1
0.62884,1
0.6335,1
0.63396,1
0.63492,1
0.63504,1
0.63732,1
0.65,1
0.65386,1
0.6669,2
0.67307,1
0.68269,2
0.69167,1
0.70544,1
0.70903,1
0.71324,1
0.71433,1
0.72978,1
0.73178,2
0.73245,1
0.74348,2
0.76969,2
0.7697,1
0.77414,1
0.77637,1
0.77711,1
0.77983,2
0.78102,1
0.7822,1
0.78297,1
0.78762,2
0.78937,1
0.78994,1
0.79171,1
0.79539,1
0.79951,2
0.80081,1
0.80247,1
0.80355,1
0.80486,2
0.80684,1
0.80795,1
0.80871,2
0.809,1
0.81017,2
0.81146,1
0.81566,1
0.82429,1
0.82714,1
0.83383,2
0.8342,1
0.83614,1
0.83753,1
0.83755,2
0.84109,1
0.84197,2
0.84237,2
0.84375,1
0.84627,1
0.8485,2
0.86355,2
0.86686,1
0.87308,2
0.8777,2
0.87995,2
0.88435,2
0.88838,2
0.89317,2
0.89345,1
0.89532,1
0.89601,2
0.8975,2
0.89931,2
0.90314,1
0.9049,1
0.90631,2
0.90982,1
0.91289,2
0.91461,1
0.91857,1
0.9189,2
0.92885,1
0.93023,2
0.93044,2
0.93231,1
0.93891,1
0.94126,1
0.94148,2
0.94393,1
0.94449,1
0.94463,1
0.94707,1
0.94817,1
0.95476,1
0.96052,2
0.96624,2
0.9712,2
0.97212,2
0.97216,1
0.97534,1
0.9784,1
0.9882,2
0.98944,1
0.99026,1
0.99034,1
0.99338,1
0.99547,1
0.99571,1
0.99663,1
0.99924,1
34,34
0.0061242,2
0.013548,2
0.031852,2
0.03671,2
0.070163,2
0.087404,1
0.087849,2
0.097674,1
0.10071,2
0.10472,2
0.10895,2
0.11062,1
0.11655,2
0.1263,2
0.1266,1
0.12818,2
0.13056,2
0.13076,2
0.13525,1
0.14428,2
0.14598,2
0.14913,2
0.15279,1
0.15967,1
0.16695,2
0.16963,2
0.18618,1
0.18825,2
0.20531,1
0.20568,2
0.20822,2
0.2098,2
0.21185,2
0.21205,2
0.21228,2
0.21397,2
0.216,2
0.21871,2
0.22045,2
0.22693,2
0.23302,2
0.23503,2
0.23743,2
0.23768,2
0.24054,2
0.24235,2
0.24271,2
0.24321,2
0.24385,2
0.24828,2
0.24947,2
0.25072,1
0.25254,2
0.2569,2
0.25691,2
0.26961,2
0.27094,1
0.27431,1
0.27467,2
0.27522,2
0.29311,2
0.29839,1
0.30133,2
0.30856,1
0.31403,2
0.32146,2
0.32671,2
0.33283,2
0.33452,2
0.33625,2
0.33825,1
0.33908,2
0.34984,2
0.35206,2
0.354,2
0.35452,2
0.35647,2
0.35693,2
0.36014,1
0.37135,2
0.37866,2
0.38264,2
0.38959,1
0.39013,2
0.39516,2
0.39525,2
0.39811,2
0.39833,1
0.40063,2
0.41002,2
0.41007,2
0.41939,2
0.42745,2
0.43481,2
0.44255,2
0.44265,1
0.44365,2
0.45469,2
0.45951,1
0.46022,2
0.46326,2
0.46788,2
0.47251,2
0.47455,2
0.47926,2
0.48196,2
0.48336,2
0.4942,2
0.49487,1
0.5038,2
0.50859,2
0.51082,1
0.51362,2
0.52244,2
0.52871,1
0.53341,1
0.5383,1
0.5448,1
0.5528,2
0.55419,2
0.55534,1
0.55612,1
0.56355,2
0.56481,2
0.56981,1
0.57864,2
0.58396,2
0.5843,2
0.58675,1
0.59246,2
0.62114,2
0.62252,2
0.63694,2
0.64025,1
0.64053,2
0.64185,1
0.64789,2
0.65022,1
0.65124,1
0.65403,2
0.65576,1
0.6559,2
0.66215,1
0.66462,1
0.66608,1
0.68527,1
0.68556,1
0.68714,2
0.69159,1
0.7043,2
0.70853,2
0.71128,1
0.71323,1
0.71743,1
0.72036,1
0.72039,2
0.73802,1
0.73923,2
0.74621,1
0.74726,1
0.7552,2
0.77283,1
0.77612,1
0.7775,2
0.78145,1
0.79048,1
0.79199,1
0.79267,2
0.79948,2
0.80721,2
0.81069,1
0.81278,1
0.81375,1
0.81575,2
0.81723,2
0.81952,1
0.82167,1
0.82542,1
0.83518,2
0.84092,2
0.85619,1
0.86576,1
0.86811,2
0.87672,2
0.88302,1
0.88403,2
0.90464,2
0.91105,2
0.91199,2
0.91486,1
0.91524,2
0.9175,1
0.9247,1
0.92656,2
0.92823,2
0.9342,1
0.93571,2
0.93791,2
0.93798,2
0.93968,1
0.94788,2
0.94829,2
0.95269,2
0.95436,1
0.95462,1
0.95798,1
0.95876,2
0.96233,1
0.96304,1
0.96445,1
0.96574,1
0.96594,2
0.96724,2
0.96738,1
0.96843,2
0.97286,1
0.97399,2
0.97659,1
0.9793,1
0.98277,2
0.98285,2
0.98358,2
0.9856,2
0.99013,2
0.99125,2
0.99254,1
0.99366,2
0.99457,1
0.99518,2
0.99522,2
0.99627,2
35,35
0.037223,1
0.046074,1
0.059018,1
0.071607,2
0.090337,1
0.090437,1
0.091564,1
0.11417,2
0.13253,2
0.13268,2
0.14653,2
0.15726,1
0.1576,2
0.15918,2
0.16766,1
0.16772,1
0.18516,2
0.18615,2
0.18949,1
0.19564,2
0.20649,1
0.2149,1
0.24213,2
0.2455,2
0.25142,2
0.25198,1
0.26225,2
0.26654,2
0.27572,2
0.28312,2
0.2852,2
0.28736,2
0.28816,2
0.28855,2
0.30484,1
0.30768,1
0.30982,2
0.31431,2
0.31994,2
0.32066,1
0.33358,2
0.34682,2
0.34732,1
0.35064,2
0.35619,1
0.36373,1
0.36604,2
0.36931,2
0.37108,2
0.37299,2
0.37932,1
0.38112,2
0.38514,2
0.39476,2
0.3981,2
0.39901,2
0.40822,2
0.41023,2
0.41599,2
0.41606,1
0.41868,2
0.42699,2
0.42929,2
0.43116,2
0.43597,2
0.44147,2
0.44198,2
0.44442,2
0.44622,1
0.46263,2
0.4656,1
0.46829,2
0.46958,2
0.4752,1
0.48228,2
0.48805,1
0.48959,1
0.49689,2
0.49885,1
0.50804,1
0.51683,2
0.5266,2
0.52724,2
0.53477,2
0.54053,2
0.54143,2
0.54237,1
0.54782,2
0.56348,1
0.57071,2
0.57686,2
0.60335,1
0.61081,1
0.61615,2
0.62124,2
0.62158,1
0.62733,1
0.62865,2
0.63105,2
0.63274,2
0.63343,1
0.64725,2
0.6486,1
0.65556,2
0.66972,1
0.6807,2
0.68809,1
0.68909,2
0.69677,1
0.70987,2
0.71733,2
0.71741,2
0.72124,1
0.7516,1
0.75481,1
0.77878,2
0.78001,1
0.78608,2
0.78641,1
0.79327,1
0.79463,1
0.79768,1
0.80801,1
0.80918,2
0.81086,1
0.82542,1
0.83046,1
0.83654,1
0.84751,1
0.849,2
0.85634,2
0.86475,1
0.86785,1
0.87363,2
0.87526,1
0.88633,2
0.89283,1
0.89845,2
0.89857,2
0.89924,2
0.91515,1
0.91578,2
0.92206,1
0.92749,1
0.93652,1
0.93943,1
0.94092,2
0.94631,1
0.94678,1
0.94832,1
0.94874,1
0.95519,1
0.96358,1
0.96841,2
0.97641,1
0.98493,2
0.98951,1
0.99366,1
0.99418,2
0.99937,2
36,36
0.071964,2
0.075346,2
0.087962,2
0.088012,2
0.09392,2
0.099827,2
0.10654,2
0.1179,1
0.11806,2
0.11831,2
0.1237,2
0.13504,1
0.13943,2
0.14557,2
0.1569,2
0.17442,1
0.18576,2
0.19549,2
0.19658,2
0.21243,1
0.21897,1
0.22244,2
0.23932,2
0.2468,1
0.24902,1
0.25232,1
0.25636,2
0.26336,2
0.27103,2
0.28509,1
0.28559,1
0.2882,1
0.28944,2
0.29193,1
0.29679,2
0.30242,1
0.30396,2
0.30547,1
0.30552,1
0.30844,1
0.31269,2
0.31468,2
0.31609,2
0.31789,2
0.31999,2
0.3287,2
0.32889,1
0.32952,1
0.33414,1
0.33682,1
0.34324,1
0.35068,1
0.35613,2
0.35856,1
0.35958,2
0.36172,2
0.36679,1
0.36839,2
0.36941,2
0.36964,2
0.37236,2
0.37401,2
0.37464,2
0.37862,1
0.3796,1
0.38215,1
0.38242,2
0.38794,2
0.38836,2
0.39452,1
0.39517,2
0.39751,1
0.39825,2
0.40141,1
0.40247,2
0.40783,1
0.40845,1
0.40903,1
0.41116,2
0.4124,1
0.41279,1
0.41626,2
0.41642,1
0.41905,2
0.42143,1
0.42757,1
0.42981,2
0.43047,2
0.43398,1
0.43568,1
0.44066,2
0.44243,1
0.44248,1
0.44291,2
0.44372,1
0.4455,1
0.45228,1
0.45508,1
0.45543,1
0.46073,1
0.46273,2
0.46281,1
0.46678,1
0.46716,1
0.46785,2
0.46818,1
0.46968,1
0.47101,1
0.47404,1
0.47756,2
0.48729,2
0.48881,1
0.48984,1
0.50235,2
0.50377,1
0.50455,2
0.506,1
0.50762,1
0.5179,2
0.51955,2
0.52191,1
0.5249,1
0.52677,2
0.53124,1
0.53738,2
0.54175,1
0.54188,1
0.54511,2
0.54546,1
0.54926,2
0.56051,1
0.56099,2
0.58785,2
0.59919,2
0.60544,1
0.60623,2
0.61305,2
0.62192,1
0.62685,1
0.63246,1
0.6579,1
0.66251,2
0.66691,2
0.67844,2
0.67932,2
0.68404,2
0.69603,1
0.7003,1
0.70655,2
0.71544,2
0.71672,1
0.72277,2
0.72895,2
0.72924,2
0.73078,1
0.73299,1
0.73338,1
0.7345,2
0.73945,1
0.74277,1
0.75893,2
0.76156,2
0.76411,1
0.76641,1
0.7675,1
0.76918,2
0.77128,1
0.77656,2
0.78069,1
0.78347,1
0.78518,2
0.78763,2
0.789,2
0.79862,2
0.80012,2
0.80282,1
0.81088,1
0.81335,2
0.81665,1
0.81959,1
0.82448,2
0.83904,2
0.84396,1
0.84775,1
0.84827,2
0.84884,2
0.85247,2
0.8528,1
0.85479,2
0.85766,2
0.85841,1
0.85853,2
0.86035,1
0.86058,2
0.86077,2
0.86913,2
0.86973,1
0.87358,1
0.8773,1
0.88085,2
0.88208,2
0.88273,1
0.90431,1
0.90779,2
0.90897,2
0.91129,1
0.91887,1
0.92101,2
0.92874,2
0.93029,2
0.93469,1
0.93492,2
0.93864,1
0.94222,2
0.94544,2
0.95038,1
0.95889,2
0.95961,1
0.96039,1
0.96162,1
0.96704,2
0.96833,2
0.97017,2
0.97239,1
0.97374,1
0.97759,2
0.97883,1
0.97935,2
0.97946,2
0.9805,1
0.98301,1
0.98416,1
0.98538,2
0.98942,1
0.99894,2
37,37
0.042716,2
0.22276,2
0.24061,1
0.27089,1
0.2825,1
0.31094,1
0.32023,1
0.3246,2
0.32531,2
0.32838,1
0.33029,1
0.33111,1
0.33204,1
0.33562,1
0.33866,1
0.34107,1
0.34629,2
0.35426,1
0.35554,1
0.3683,1
0.37165,1
0.37365,1
0.37478,1
0.37839,1
0.42493,1
0.44253,1
0.46833,2
0.48757,2
0.50243,1
0.50868,1
0.52667,1
0.52761,2
0.52874,2
0.53008,1
0.53065,2
0.53415,1
0.5359,1
0.54438,1
0.57144,2
0.57693,2
0.57843,1
0.58648,2
0.58929,2
0.58974,1
0.62406,1
0.63085,2
0.63234,2
0.6357,1
0.6556,2
0.65709,2
0.6601,1
0.67775,2
0.6798,1
0.69265,2
0.69665,1
0.69959,1
0.70022,2
0.706,2
0.70771,2
0.71078,1
0.71411,2
0.72132,2
0.72265,1
0.72434,1
0.72952,1
0.74106,1
0.74536,1
0.75046,2
0.75861,2
0.77496,1
0.80318,2
0.81926,2
0.82904,1
0.8303,2
0.8322,2
0.83511,1
0.84235,1
0.85067,1
0.8604,2
0.8612,1
0.88526,1
0.88531,2
0.88602,1
0.89532,2
0.89835,1
0.90767,1
0.91092,2
0.9117,1
0.91399,1
0.92194,2
0.93054,1
0.93183,2
0.93922,1
0.94314,1
0.95308,1
0.95596,1
0.95804,1
0.96671,1
0.97087,1
0.97514,1
0.992,1
0.99339,1
0.99487,2
38,38
0.060481,2
0.28736,2
0.29299,1
0.30265,1
0.31337,1
0.33015,1
0.33482,2
0.36889,2
0.4002,1
0.40686,1
0.40743,2
0.41227,1
0.44944,2
0.45006,1
0.45046,2
0.45397,2
0.45444,2
0.45947,1
0.47057,1
0.47458,2
0.47629,2
0.4806,1
0.48217,2
0.48241,2
0.48867,2
0.49145,1
0.5009,1
0.50152,1
0.50337,2
0.51299,2
0.51502,2
0.5229,2
0.52752,1
0.53077,1
0.53452,1
0.53781,1
0.54293,2
0.55616,2
0.55945,1
0.56595,2
0.56702,1
0.57108,1
0.58145,1
0.60769,2
0.60945,2
0.61806,1
0.6378,1
0.6393,1
0.646,2
0.65412,2
0.65679,2
0.65768,2
0.67596,2
0.70974,2
0.73047,1
0.73107,2
0.73787,2
0.74474,2
0.75626,2
0.7666,2
0.77439,2
0.77923,2
0.8018,2
0.8081,2
0.81494,1
0.82111,1
0.8292,2
0.82996,1
0.83271,2
0.86188,2
0.86437,2
0.86861,2
0.87135,2
0.8803,2
0.90398,2
0.91057,1
0.91746,2
0.91799,2
0.92455,2
0.92764,1
0.94057,1
0.96824,2
0.97145,2
0.97198,1
0.97345,2
0.97539,2
0.97921,2
0.98562,1
0.9869,2
0.99185,2
0.99857,2
39,39
0.13825,1
0.19316,1
0.21228,2
0.227,1
0.25907,1
0.27935,1
0.3205,2
0.32805,2
0.36917,1
0.37621,2
0.37887,1
0.38008,1
0.38482,2
0.38523,1
0.38665,2
0.38892,1
0.39308,2
0.39652,2
0.41733,2
0.41995,2
0.43378,1
0.44722,2
0.46484,2
0.47171,2
0.48292,1
0.48373,1
0.48994,2
0.49247,2
0.49291,1
0.497,1
0.50517,2
0.5076,2
0.50769,2
0.51075,2
0.51597,2
0.51877,2
0.52475,2
0.55108,2
0.55843,2
0.56319,1
0.56476,1
0.57118,2
0.57535,1
0.58335,2
0.5854,2
0.59011,2
0.5915,1
0.59876,2
0.61856,2
0.62191,2
0.62631,1
0.63737,2
0.66616,1
0.66737,1
0.67235,2
0.68908,1
0.69988,2
0.71369,1
0.7148,2
0.73238,2
0.73605,1
0.73849,2
0.73913,1
0.73961,2
0.74754,1
0.74954,1
0.75008,1
0.75974,1
0.77195,1
0.79142,1
0.80389,2
0.81112,1
0.82127,1
0.82847,1
0.83391,2
0.86032,1
0.86466,1
0.88772,1
0.90518,2
0.93542,1
0.99411,1
40,40
0.12722,2
0.12914,2
0.148,2
0.17183,2
0.21156,2
0.2399,2
0.24847,2
0.25594,2
0.25671,1
0.26479,2
0.26843,2
0.34278,1
0.35053,2
0.37349,1
0.38693,1
0.3923,1
0.42181,2
0.42384,2
0.46131,2
0.46559,2
0.48723,2
0.52119,1
0.52569,2
0.52942,1
0.53136,1
0.56284,2
0.57461,2
0.58995,1
0.60053,1
0.61097,1
0.6137,1
0.62192,2
0.62783,2
0.62877,1
0.62916,1
0.63148,1
0.6366,1
0.63793,1
0.64265,1
0.64856,1
0.65159,2
0.65346,2
0.65477,1
0.66358,2
0.66649,1
0.67218,1
0.67951,1
0.68062,2
0.68254,2
0.68289,1
0.68641,1
0.69815,2
0.70944,1
0.71138,1
0.72433,1
0.72623,1
0.75097,2
0.77785,1
0.78658,2
0.79875,1
0.80011,1
0.80572,1
0.80953,1
0.81003,2
0.83233,1
0.84361,2
0.84541,1
0.85092,2
0.8566,1
0.8806,2
0.88595,2
0.90499,1
0.95284,1
0.95923,2
0.99726,1
41,41
0.0059687,1
0.054449,2
0.056739,2
0.15843,2
0.21992,1
0.2604,2
0.26592,1
0.27062,1
0.27973,2
0.29012,1
0.3003,1
0.30645,1
0.30921,1
0.31344,1
0.31575,1
0.33354,1
0.35495,1
0.3629,2
0.37117,1
0.37572,1
0.38398,1
0.38685,1
0.38976,1
0.39272,1
0.40947,2
0.4207,2
0.42573,1
0.44264,1
0.4536,1
0.45536,1
0.48117,2
0.49326,2
0.50574,1
0.50753,1
0.51367,2
0.51418,2
0.52295,1
0.52332,1
0.57223,1
0.59277,2
0.59674,2
0.60189,2
0.6024,1
0.60497,2
0.60504,2
0.61312,1
0.62163,2
0.62515,2
0.63624,2
0.63658,2
0.64015,2
0.64109,1
0.64413,1
0.6506,2
0.65733,2
0.65848,2
0.65918,1
0.65931,1
0.66271,2
0.67721,2
0.68831,2
0.70458,1
0.71625,2
0.73482,2
0.738,1
0.74082,2
0.75476,2
0.764,2
0.77074,1
0.78468,2
0.78703,1
0.79765,2
0.80161,1
0.80309,1
0.81642,1
0.81648,2
0.82338,1
0.8249,2
0.82742,1
0.82824,2
0.83028,2
0.84868,1
0.85334,1
0.85613,1
0.85758,2
0.85952,1
0.86379,1
0.86475,1
0.86624,1
0.87001,1
0.87311,1
0.89166,1
0.90627,1
0.91344,1
0.9175,1
0.92138,2
0.92596,1
0.93228,2
0.93403,1
0.93903,1
0.94253,1
0.9444,1
0.94449,1
0.94454,1
0.94497,2
0.94727,1
0.94769,1
0.94798,1
0.9508,1
0.952,2
0.9551,1
0.96204,2
0.97133,2
0.97648,1
0.97769,1
0.98622,1
0.98725,2
0.98949,1
42,42
0.016116,2
0.074929,1
0.084473,1
0.093627,2
0.098081,2
0.10756,2
0.11735,2
0.12713,1
0.1302,1
0.13132,2
0.16098,2
0.1628,2
0.17351,2
0.18269,2
0.19482,2
0.19787,2
0.23779,2
0.2467,1
0.25532,1
0.26194,2
0.26323,2
0.32231,2
0.32599,1
0.36533,2
0.38137,1
0.40234,1
0.49528,1
0.50957,2
0.5134,1
0.5537,2
0.58252,2
0.58696,1
0.58756,1
0.59002,1
0.62,1
0.62529,2
0.64087,2
0.64539,1
0.65736,2
0.67783,1
0.68906,2
0.69979,1
0.72834,2
0.74272,2
0.77477,1
0.79843,1
0.81433,2
0.8409,1
0.84103,2
0.84318,2
0.84616,1
0.84814,2
0.85129,2
0.85195,2
0.85286,1
0.85734,2
0.88105,1
0.88624,2
0.89819,1
0.90421,2
0.90565,1
0.91438,2
0.91707,2
0.94389,1
0.94565,2
0.95122,2
0.95874,2
0.97007,2
0.978,2
0.98339,2
0.99603,1
0.9984,2
43,43
0.11295,1
0.14258,2
0.14812,2
0.14921,1
0.14972,2
0.15771,1
0.17195,1
0.17261,1
0.17496,2
0.17519,2
0.17643,1
0.18157,1
0.18612,1
0.18953,1
0.19815,1
0.1993,2
0.20466,2
0.20507,1
0.21027,2
0.21575,2
0.22307,2
0.23743,2
0.23857,2
0.24316,2
0.24736,1
0.26221,1
0.26444,2
0.26754,1
0.27667,1
0.27966,2
0.28005,2
0.2816,2
0.28914,2
0.2904,2
0.29643,1
0.2967,2
0.30046,1
0.30433,2
0.30656,1
0.308,1
0.31041,2
0.31274,1
0.31608,1
0.31692,2
0.31905,2
0.32874,1
0.33126,2
0.3371,2
0.34389,2
0.3441,1
0.35097,1
0.35375,2
0.3727,2
0.37379,2
0.37446,2
0.37495,2
0.37708,2
0.38,2
0.38422,1
0.38567,2
0.38706,1
0.39515,2
0.40623,1
0.41114,1
0.41471,1
0.41783,1
0.42014,2
0.42529,2
0.43826,2
0.44407,2
0.4473,2
0.44968,1
0.45155,2
0.45423,1
0.45591,1
0.45709,2
0.46212,2
0.46494,2
0.4728,1
0.48154,2
0.48208,2
0.48735,1
0.48821,2
0.49609,2
0.49689,2
0.49929,2
0.50545,2
0.51619,2
0.51752,2
0.52042,1
0.5275,2
0.5338,1
0.53923,2
0.54147,2
0.54165,1
0.54246,2
0.54405,1
0.56026,2
0.56747,2
0.58833,2
0.62332,2
0.63691,1
0.63817,2
0.64254,1
0.64745,2
0.64949,2
0.64962,2
0.65435,2
0.66232,1
0.66633,1
0.67652,2
0.68528,2
0.68978,2
0.68983,2
0.69631,2
0.70576,2
0.70715,2
0.71123,1
0.71278,2
0.71546,2
0.71805,2
0.72844,2
0.73668,2
0.74044,1
0.74192,2
0.74318,2
0.76258,2
0.76446,2
0.77567,2
0.7805,2
0.78194,2
0.79134,1
0.8027,2
0.80592,2
0.80984,2
0.83071,2
0.84216,2
0.84837,2
0.9136,2
0.93858,2
0.94234,1
0.96711,2
0.96945,1
0.98004,1
0.98168,2
0.99153,1
0.99599,1
0.99613,1
44,44
0.041312,2
0.053826,1
0.057236,2
0.061737,2
0.097764,1
0.10508,1
0.10628,1
0.12175,1
0.12456,1
0.12659,1
0.1311,2
0.13573,1
0.15248,1
0.16006,1
0.16145,2
0.16347,1
0.16561,2
0.17489,1
0.18974,2
0.19918,1
0.19956,2
0.19968,2
0.20006,1
0.20327,1
0.20489,1
0.21041,1
0.21239,2
0.2169,1
0.21897,2
0.22008,2
0.22128,1
0.22726,1
0.2301,1
0.23713,1
0.24473,2
0.25112,1
0.25973,1
0.26034,2
0.27685,1
0.27973,1
0.28544,1
0.28743,1
0.28746,1
0.29177,1
0.29921,2
0.31845,2
0.31928,2
0.33865,2
0.35285,1
0.37628,1
0.3766,2
0.39478,2
0.40889,2
0.41262,2
0.42073,2
0.42133,2
0.42323,1
0.42633,1
0.42738,2
0.42783,2
0.4297,1
0.43869,1
0.44625,1
0.45112,1
0.45311,2
0.47036,2
0.48337,1
0.49339,1
0.49567,1
0.51637,1
0.52005,1
0.52047,2
0.52095,2
0.52818,2
0.52955,1
0.54231,1
0.54548,2
0.54818,2
0.54919,1
0.55196,2
0.55256,2
0.5539,2
0.55626,2
0.56222,1
0.56457,2
0.56892,2
0.56977,2
0.5759,1
0.57644,2
0.57704,1
0.57738,2
0.57835,2
0.57867,1
0.58285,1
0.58381,2
0.58509,1
0.58771,1
0.58893,1
0.58964,2
0.5921,2
0.59242,2
0.59331,2
0.59552,1
0.596,2
0.60129,2
0.60191,1
0.60481,2
0.60516,1
0.60559,1
0.60605,1
0.60627,1
0.6101,1
0.61026,2
0.61081,1
0.61219,1
0.613,1
0.61391,2
0.61516,2
0.6154,2
0.6168,2
0.61972,2
0.62032,1
0.62136,1
0.62671,2
0.62771,2
0.63134,2
0.6384,2
0.64013,2
0.64049,2
0.64712,2
0.6485,2
0.64915,2
0.64956,2
0.65097,2
0.65808,2
0.66015,2
0.66115,2
0.66134,2
0.66639,1
0.66768,1
0.67115,2
0.67371,2
0.6765,2
0.67816,2
0.67853,1
0.67916,2
0.68139,2
0.68333,2
0.68339,2
0.68344,2
0.69001,2
0.69876,1
0.70378,2
0.70627,1
0.70976,2
0.71094,1
0.71144,1
0.71383,2
0.71432,2
0.71628,1
0.71781,2
0.71788,1
0.71851,2
0.72187,2
0.72196,2
0.72979,1
0.73063,1
0.73367,1
0.73439,2
0.73485,2
0.73494,2
0.73631,1
0.74695,2
0.75595,1
0.75918,2
0.76129,2
0.76603,2
0.77051,1
0.7762,2
0.77802,2
0.77955,2
0.78076,2
0.78469,2
0.78621,2
0.7871,2
0.79059,1
0.79299,1
0.79916,2
0.80015,2
0.8003,2
0.80039,1
0.80161,2
0.80783,2
0.80811,2
0.80902,2
0.81066,2
0.812,2
0.81357,1
0.81366,2
0.81744,2
0.82022,2
0.82101,2
0.82235,1
0.83162,2
0.83316,2
0.83338,2
0.83443,1
0.83684,2
0.83966,2
0.83981,2
0.84506,1
0.84792,2
0.85074,2
0.85178,2
0.85268,1
0.85359,1
0.85375,2
0.85468,2
0.85699,2
0.85785,2
0.86123,2
0.86204,2
0.86324,1
0.86372,2
0.86409,1
0.86435,2
0.86508,1
0.86578,2
0.87099,2
0.872,1
0.87808,2
0.8788,2
0.88158,2
0.88346,1
0.88453,2
0.88545,2
0.88949,2
0.89089,2
0.89091,2
0.89437,1
0.89452,2
0.89836,2
0.89848,2
0.90531,1
0.90544,1
0.91073,1
0.91097,1
0.91354,2
0.91754,2
0.91798,1
0.92306,1
0.92468,2
0.94173,1
0.94274,1
0.94504,1
0.94528,2
0.94542,1
0.94708,2
0.95373,2
0.95405,2
0.95514,2
0.95576,2
0.9577,1
0.95975,2
0.9611,1
0.96235,1
0.96514,1
0.96553,2
0.96607,1
0.96659,1
0.97009,2
0.97339,2
0.97487,2
0.97588,2
0.98012,1
0.98056,1
0.9837,2
0.98389,2
0.98631,2
0.9888,1
0.99619,2
0.99773,1
0.99844,1
0.99975,2
45,45
0.0025057,1
0.043048,1
0.045962,1
0.047269,2
0.050334,2
0.052097,1
0.054766,2
0.066692,2
0.084123,1
0.088838,2
0.10749,1
0.11198,1
0.1419,2
0.14693,1
0.23228,2
0.25945,1
0.26684,1
0.2776,1
0.28202,1
0.29521,1
0.2966,1
0.2972,1
0.29813,2
0.31643,1
0.32855,1
0.37534,1
0.37743,2
0.38449,2
0.40222,1
0.40596,1
0.45757,1
0.47197,2
0.47471,2
0.47858,2
0.48635,2
0.49058,1
0.52586,2
0.53505,1
0.53845,2
0.54269,2
0.54449,2
0.55344,1
0.56273,1
0.5829,1
0.58588,2
0.59017,1
0.59468,1
0.60302,2
0.6118,1
0.61384,1
0.61966,2
0.62298,1
0.62816,1
0.64352,2
0.65111,1
0.66414,1
0.67568,1
0.68744,2
0.70571,1
0.73821,1
0.74275,2
0.74478,1
0.7486,1
0.75017,1
0.75552,1
0.75854,1
0.75917,1
0.76235,2
0.77057,2
0.77134,2
0.77512,1
0.77976,1
0.7831,1
0.78556,1
0.78596,2
0.78715,1
0.79663,2
0.79685,2
0.8124,1
0.82161,1
0.8235,1
0.8241,2
0.82697,2
0.82771,1
0.82891,1
0.83002,2
0.8329,1
0.83845,1
0.84412,2
0.84446,2
0.84584,1
0.85273,2
0.85582,2
0.85823,2
0.8638,2
0.86748,1
0.87889,1
0.88647,2
0.89082,2
0.8926,2
0.89428,1
0.89686,1
0.90075,2
0.90155,2
0.91126,2
0.91159,2
0.91496,1
0.9184,2
0.91848,1
0.92092,2
0.92203,2
0.92816,2
0.93075,2
0.93422,1
0.93554,2
0.93555,2
0.93814,1
0.93825,2
0.94218,1
0.94571,1
0.94606,2
0.94942,2
0.95083,2
0.95116,2
0.95256,2
0.95468,2
0.95742,1
0.96208,2
0.9627,1
0.96799,2
0.97262,1
0.97892,2
0.98565,2
0.98741,2
0.98883,1
0.99075,2
0.9932,2
0.99781,1
0.99865,1
46,46
0.070392,2
0.079558,1
0.083247,1
0.09005,1
0.13211,1
0.15489,2
0.2178,2
0.23307,2
0.24074,1
0.25119,1
0.27856,1
0.28866,1
0.29109,1
0.29651,2
0.30416,2
0.30816,2
0.35868,1
0.38613,1
0.45088,1
0.46259,1
0.46343,1
0.46664,1
0.46672,1
0.48438,2
0.49164,1
0.49619,1
0.50912,1
0.54592,1
0.54663,1
0.55075,1
0.55837,2
0.566,1
0.574,1
0.59129,1
0.59966,2
0.60938,2
0.60987,1
0.61247,2
0.62019,1
0.63331,1
0.63765,1
0.65678,2
0.67291,1
0.67684,1
0.69404,1
0.71318,2
0.7186,1
0.73163,2
0.73724,2
0.73823,1
0.73858,2
0.74392,2
0.75924,2
0.76074,1
0.76987,2
0.77555,2
0.7783,2
0.78126,1
0.79167,2
0.815,2
0.82784,2
0.83568,2
0.83751,2
0.83796,1
0.84078,1
0.85532,1
0.86513,2
0.86964,2
0.8709,2
0.87729,2
0.87903,2
0.88159,2
0.898,2
0.90523,1
0.90591,2
0.90769,2
0.90893,2
0.92084,2
0.93959,1
0.94804,2
0.95587,2
0.95983,2
0.96148,2
0.96256,2
0.96968,2
0.97292,2
0.97863,2
0.98351,2
0.99165,2
0.99209,1
0.99223,1
47,47
0.041344,1
0.052152,1
0.064557,1
0.064873,1
0.066676,2
0.11849,2
0.14015,1
0.19036,1
0.19702,2
0.20569,2
0.2576,2
0.26469,2
0.26701,2
0.3211,2
0.32206,2
0.36896,1
0.3748,1
0.40221,2
0.42546,1
0.44708,2
0.44786,1
0.45068,2
0.46255,1
0.48299,2
0.4855,2
0.49286,2
0.49691,2
0.50334,1
0.51086,2
0.51704,1
0.52353,1
0.5243,1
0.52892,2
0.54981,1
0.553,1
0.56058,1
0.56107,1
0.56573,1
0.56604,1
0.57251,1
0.57348,2
0.57511,2
0.58182,1
0.58356,1
0.59362,1
0.59558,1
0.60393,1
0.60791,2
0.60849,1
0.61145,1
0.61923,2
0.62341,1
0.62851,1
0.63581,1
0.63635,1
0.64293,1
0.64817,1
0.64852,1
0.6518,1
0.65286,2
0.6553,2
0.65696,2
0.65805,1
0.66249,2
0.66647,1
0.6729,1
0.67644,2
0.67736,1
0.67975,2
0.68063,2
0.68827,2
0.69267,1
0.69555,2
0.69755,1
0.69809,2
0.71028,1
0.71513,1
0.71579,1
0.7259,1
0.73627,1
0.74421,2
0.75651,2
0.7566,1
0.75728,1
0.75859,1
0.76292,1
0.77481,2
0.77983,2
0.78492,1
0.78848,1
0.79072,2
0.7918,2
0.79249,1
0.79624,2
0.79776,1
0.80221,1
0.80344,2
0.80363,1
0.80408,2
0.8044,1
0.81269,2
0.81679,2
0.83046,1
0.83408,2
0.84181,2
0.84913,2
0.8509,1
0.85326,1
0.86001,2
0.8624,2
0.86418,1
0.86457,1
0.87814,1
0.879,2
0.88467,2
0.88653,2
0.88729,2
0.89027,2
0.90744,1
0.91019,1
0.91388,2
0.93182,2
0.93856,2
0.93937,1
0.94038,1
0.94939,2
0.95523,2
0.96365,2
0.96366,2
0.97188,1
0.97201,2
0.97639,1
0.97665,1
0.98437,1
0.9921,2
0.99434,2
48,48
0.04912,2
0.060164,1
0.065055,1
0.068448,2
0.090717,2
0.091714,2
0.11739,1
0.12318,2
0.1243,2
0.1318,1
0.13609,2
0.14236,2
0.14677,2
0.1828,1
0.19009,1
0.21791,1
0.21842,1
0.22686,1
0.23334,1
0.23941,1
0.26093,2
0.26454,1
0.26696,2
0.27632,2
0.28993,2
0.29131,1
0.29862,2
0.31151,2
0.3149,1
0.31708,1
0.31819,2
0.32232,1
0.32631,2
0.32978,1
0.35532,1
0.36821,1
0.3835,1
0.40804,1
0.4099,1
0.4265,1
0.4311,1
0.446,2
0.45167,2
0.46858,1
0.47019,2
0.47336,2
0.49252,2
0.49806,2
0.50243,1
0.5307,2
0.53869,2
0.56182,2
0.56997,1
0.57001,2
0.57282,2
0.57302,1
0.59248,2
0.59281,2
0.59512,2
0.59532,2
0.60406,2
0.61254,1
0.61288,2
0.61948,2
0.61983,2
0.62786,2
0.63018,2
0.63419,2
0.64402,2
0.65314,1
0.6546,2
0.6571,1
0.66494,2
0.66645,2
0.67016,2
0.69527,2
0.69969,1
0.70116,2
0.74694,2
0.75584,1
0.75833,2
0.7732,2
0.78305,2
0.79392,1
0.79848,1
0.79946,1
0.85529,2
0.85861,1
0.87303,1
0.90331,1
0.90457,1
0.93078,2
0.95559,2
0.95723,1
0.96642,1
0.96999,2
0.99819,2
49,49
0.11671,2
0.12277,2
0.12393,1
0.12825,2
0.13185,1
0.13294,1
0.15075,1
0.15177,2
0.15696,2
0.17744,1
0.1784,2
0.18154,1
0.19339,1
0.20023,2
0.20647,1
0.20658,2
0.2146,1
0.27456,1
0.31086,1
0.38468,1
0.39017,1
0.46439,2
0.47343,1
0.48012,2
0.48066,1
0.48396,2
0.48746,1
0.48798,2
0.48849,1
0.48938,1
0.4903,1
0.49157,2
0.50737,2
0.5146,2
0.5209,1
0.5255,1
0.53193,2
0.53847,2
0.55327,2
0.55401,1
0.55662,1
0.55932,1
0.56612,2
0.57062,2
0.57257,2
0.58324,2
0.5848,1
0.59952,2
0.60152,1
0.60846,1
0.6209,1
0.63464,2
0.6369,1
0.63874,2
0.64009,1
0.64167,2
0.64876,2
0.65236,2
0.65293,1
0.65345,1
0.66985,2
0.67118,2
0.67602,2
0.68023,2
0.69203,1
0.69542,1
0.70009,2
0.7022,2
0.70249,2
0.70411,2
0.71009,1
0.71136,1
0.7158,1
0.71737,1
0.72489,2
0.73955,1
0.75503,2
0.75719,1
0.7644,2
0.7651,1
0.76572,2
0.76986,2
0.7821,2
0.78613,2
0.78838,2
0.7983,1
0.79883,2
0.80518,2
0.80721,2
0.80968,2
0.81069,2
0.82226,2
0.82514,2
0.83227,2
0.83239,2
0.83535,1
0.83924,2
0.84081,1
0.84107,2
0.85025,2
0.86361,2
0.86399,1
0.86574,2
0.86904,2
0.87457,2
0.87674,2
0.8774,2
0.88235,2
0.88298,2
0.88621,2
0.88671,2
0.88694,2
0.89414,2
0.89712,2
0.89903,2
0.90307,2
0.90642,2
0.90919,2
0.91414,2
0.91583,2
0.92819,2
0.92861,2
0.93085,2
0.93486,2
0.93606,1
0.93817,2
0.94451,1
0.94541,2
0.94646,2
0.9489,2
0.95724,1
0.95974,2
0.97305,1
0.97694,2
0.97933,2
0.98177,2
0.98193,2
0.98936,2
0.98952,1
0.99064,1
0.99081,2
0.99167,2
0.99863,2
50,50
0.10021,1
0.11476,1
0.11869,1
0.14989,1
0.19549,1
0.23478,2
0.25031,1
0.25061,2
0.30259,1
0.30438,1
0.31403,1
0.32751,1
0.32843,2
0.33333,1
0.3348,1
0.33486,1
0.33578,2
0.33956,2
0.34039,1
0.3498,1
0.35441,1
0.36443,1
0.41909,2
0.42296,1
0.46175,2
0.47556,1
0.47695,2
0.49234,1
0.50173,2
0.50468,1
0.51528,1
0.52304,1
0.52507,1
0.5424,1
0.54554,1
0.57049,1
0.5744,1
0.59063,1
0.59911,1
0.60171,1
0.60406,1
0.61242,1
0.61694,1
0.62363,1
0.63495,1
0.64578,1
0.66531,1
0.72786,1
0.72878,1
0.73365,1
0.73603,1
0.74283,1
0.74906,1
0.76339,1
0.77456,1
0.78053,1
0.78127,1
0.78138,1
0.79062,1
0.79521,1
0.80832,1
0.81411,2
0.81563,1
0.81856,1
0.83291,1
0.83928,1
0.84953,1
0.85002,1
0.85383,1
0.85655,2
0.8595,2
0.86777,1
0.87149,2
0.87386,2
0.87586,2
0.87618,1
0.8769,1
0.87922,2
0.88151,1
0.88617,1
0.88619,1
0.88904,1
0.89057,2
0.89668,1
0.89825,1
0.89939,2
0.90051,2
0.90238,1
0.9088,1
0.91158,1
0.91214,2
0.91751,2
0.91966,1
0.9358,1
0.94312,1
0.94484,1
0.94826,1
0.94944,2
0.95246,2
0.95487,1
0.957,1
0.96263,1
0.97063,1
0.97703,1
0.98551,1
0.98621,1
0.99158,2
0.99641,2
0.99644,1
0.99743,1
0.99761,2
0.99907,2
